,id1,id2
0,17,4029
1,17,1008
2,4029,1008
3,3497,3290
4,3497,3
5,3290,3
6,18,43
7,4917,3069
8,4917,15
9,3069,15
10,3873,4334
11,3873,31
12,3873,32
13,4334,31
14,4334,32
15,31,32
16,36,47
17,36,821
18,36,2774
19,36,601
20,36,1211
21,47,821
22,47,2774
23,47,601
24,47,1211
25,821,2774
26,821,601
27,821,1211
28,2774,601
29,2774,1211
30,601,1211
31,57,3288
32,57,2993
33,57,2753
34,3288,2993
35,3288,2753
36,2993,2753
37,227,139
38,227,50
39,227,2775
40,227,2335
41,139,50
42,139,2775
43,139,2335
44,50,2775
45,50,2335
46,2775,2335
47,28,1680
48,28,60
49,28,1536
50,1680,60
51,1680,1536
52,60,1536
53,61,3792
54,61,4687
55,61,3667
56,61,4084
57,61,3453
58,3792,4687
59,3792,3667
60,3792,4084
61,3792,3453
62,4687,3667
63,4687,4084
64,4687,3453
65,3667,4084
66,3667,3453
67,4084,3453
68,68,1675
69,68,2224
70,68,2513
71,68,536
72,68,4954
73,1675,2224
74,1675,2513
75,1675,536
76,1675,4954
77,2224,2513
78,2224,536
79,2224,4954
80,2513,536
81,2513,4954
82,536,4954
83,4,4374
84,4,4839
85,4,1600
86,4374,4839
87,4374,1600
88,4839,1600
89,4736,1091
90,4736,2197
91,4736,72
92,1091,2197
93,1091,72
94,2197,72
95,3305,1493
96,3305,54
97,1493,54
98,73,1777
99,73,4659
100,1777,4659
101,940,79
102,940,3640
103,79,3640
104,83,3518
105,419,2025
106,419,3247
107,419,4275
108,419,4854
109,419,88
110,2025,3247
111,2025,4275
112,2025,4854
113,2025,88
114,3247,4275
115,3247,4854
116,3247,88
117,4275,4854
118,4275,88
119,4854,88
120,44,1376
121,1924,2281
122,1924,4367
123,1924,51
124,1924,3610
125,1924,1787
126,2281,4367
127,2281,51
128,2281,3610
129,2281,1787
130,4367,51
131,4367,3610
132,4367,1787
133,51,3610
134,51,1787
135,3610,1787
136,97,1832
137,105,439
138,105,1976
139,105,4795
140,105,3071
141,439,1976
142,439,4795
143,439,3071
144,1976,4795
145,1976,3071
146,4795,3071
147,4417,2284
148,4417,559
149,4417,82
150,4417,4507
151,2284,559
152,2284,82
153,2284,4507
154,559,82
155,559,4507
156,82,4507
157,25,108
158,25,4622
159,25,1400
160,108,4622
161,108,1400
162,4622,1400
163,4997,3951
164,4997,80
165,4997,3254
166,4997,4443
167,3951,80
168,3951,3254
169,3951,4443
170,80,3254
171,80,4443
172,3254,4443
173,3683,116
174,3683,102
175,116,102
176,2625,3425
177,2625,904
178,2625,2551
179,2625,1467
180,2625,30
181,3425,904
182,3425,2551
183,3425,1467
184,3425,30
185,904,2551
186,904,1467
187,904,30
188,2551,1467
189,2551,30
190,1467,30
191,2275,126
192,962,4005
193,962,2188
194,962,1951
195,962,128
196,4005,2188
197,4005,1951
198,4005,128
199,2188,1951
200,2188,128
201,1951,128
202,130,1707
203,134,4498
204,134,564
205,134,2525
206,134,991
207,4498,564
208,4498,2525
209,4498,991
210,564,2525
211,564,991
212,2525,991
213,1826,1061
214,1826,14
215,1826,2612
216,1826,2907
217,1061,14
218,1061,2612
219,1061,2907
220,14,2612
221,14,2907
222,2612,2907
223,4009,136
224,129,1096
225,129,2102
226,129,1693
227,129,2718
228,129,2368
229,1096,2102
230,1096,1693
231,1096,2718
232,1096,2368
233,2102,1693
234,2102,2718
235,2102,2368
236,1693,2718
237,1693,2368
238,2718,2368
239,137,464
240,137,1586
241,137,4788
242,137,950
243,137,318
244,464,1586
245,464,4788
246,464,950
247,464,318
248,1586,4788
249,1586,950
250,1586,318
251,4788,950
252,4788,318
253,950,318
254,138,2476
255,138,2669
256,138,1744
257,138,2649
258,138,3580
259,2476,2669
260,2476,1744
261,2476,2649
262,2476,3580
263,2669,1744
264,2669,2649
265,2669,3580
266,1744,2649
267,1744,3580
268,2649,3580
269,1225,140
270,1225,2514
271,1225,2939
272,1225,4832
273,140,2514
274,140,2939
275,140,4832
276,2514,2939
277,2514,4832
278,2939,4832
279,4729,4301
280,4729,141
281,4301,141
282,4655,1830
283,4655,63
284,1830,63
285,4436,76
286,4436,3797
287,4436,143
288,76,3797
289,76,143
290,3797,143
291,35,1368
292,2947,964
293,2947,1261
294,2947,146
295,2947,1564
296,964,1261
297,964,146
298,964,1564
299,1261,146
300,1261,1564
301,146,1564
302,2855,1517
303,2855,2037
304,2855,112
305,1517,2037
306,1517,112
307,2037,112
308,2529,809
309,2529,211
310,2529,154
311,2529,156
312,2529,1696
313,809,211
314,809,154
315,809,156
316,809,1696
317,211,154
318,211,156
319,211,1696
320,154,156
321,154,1696
322,156,1696
323,3830,159
324,3830,4920
325,159,4920
326,3207,1706
327,3207,975
328,3207,3742
329,3207,160
330,1706,975
331,1706,3742
332,1706,160
333,975,3742
334,975,160
335,3742,160
336,161,2790
337,161,1164
338,161,751
339,161,1488
340,2790,1164
341,2790,751
342,2790,1488
343,1164,751
344,1164,1488
345,751,1488
346,3270,2695
347,3270,3078
348,3270,1993
349,3270,167
350,3270,3616
351,2695,3078
352,2695,1993
353,2695,167
354,2695,3616
355,3078,1993
356,3078,167
357,3078,3616
358,1993,167
359,1993,3616
360,167,3616
361,170,1316
362,839,2095
363,839,886
364,839,3127
365,839,122
366,2095,886
367,2095,3127
368,2095,122
369,886,3127
370,886,122
371,3127,122
372,4210,148
373,2577,157
374,2889,174
375,2889,4712
376,174,4712
377,3482,53
378,3482,3902
379,53,3902
380,3206,3023
381,3206,175
382,3206,3318
383,3206,1116
384,3023,175
385,3023,3318
386,3023,1116
387,175,3318
388,175,1116
389,3318,1116
390,2930,571
391,2930,3284
392,2930,176
393,571,3284
394,571,176
395,3284,176
396,2,2466
397,2,3763
398,2,885
399,2,1434
400,2466,3763
401,2466,885
402,2466,1434
403,3763,885
404,3763,1434
405,885,1434
406,566,181
407,566,237
408,566,2072
409,181,237
410,181,2072
411,237,2072
412,3367,2352
413,3367,3633
414,3367,3322
415,3367,1021
416,3367,96
417,2352,3633
418,2352,3322
419,2352,1021
420,2352,96
421,3633,3322
422,3633,1021
423,3633,96
424,3322,1021
425,3322,96
426,1021,96
427,4589,187
428,4589,4381
429,187,4381
430,4202,2892
431,4202,2031
432,4202,692
433,4202,188
434,2892,2031
435,2892,692
436,2892,188
437,2031,692
438,2031,188
439,692,188
440,193,1794
441,193,2434
442,193,2682
443,1794,2434
444,1794,2682
445,2434,2682
446,149,462
447,149,2592
448,462,2592
449,197,552
450,197,3696
451,197,4531
452,197,2547
453,197,3923
454,552,3696
455,552,4531
456,552,2547
457,552,3923
458,3696,4531
459,3696,2547
460,3696,3923
461,4531,2547
462,4531,3923
463,2547,3923
464,99,3853
465,99,4421
466,3853,4421
467,2406,198
468,2406,1323
469,2406,1167
470,2406,341
471,198,1323
472,198,1167
473,198,341
474,1323,1167
475,1323,341
476,1167,341
477,1669,199
478,1669,743
479,1669,1334
480,1669,3225
481,1669,3262
482,199,743
483,199,1334
484,199,3225
485,199,3262
486,743,1334
487,743,3225
488,743,3262
489,1334,3225
490,1334,3262
491,3225,3262
492,1097,2876
493,1097,37
494,1097,3561
495,2876,37
496,2876,3561
497,37,3561
498,201,2125
499,201,2584
500,2125,2584
501,202,1290
502,202,2870
503,202,3767
504,202,2330
505,202,1567
506,1290,2870
507,1290,3767
508,1290,2330
509,1290,1567
510,2870,3767
511,2870,2330
512,2870,1567
513,3767,2330
514,3767,1567
515,2330,1567
516,4819,115
517,4819,3916
518,4819,1175
519,115,3916
520,115,1175
521,3916,1175
522,3171,938
523,3171,495
524,3171,16
525,3171,3230
526,3171,2815
527,938,495
528,938,16
529,938,3230
530,938,2815
531,495,16
532,495,3230
533,495,2815
534,16,3230
535,16,2815
536,3230,2815
537,3106,2629
538,3106,207
539,2629,207
540,4803,933
541,4803,3946
542,4803,210
543,4803,4632
544,4803,191
545,933,3946
546,933,210
547,933,4632
548,933,191
549,3946,210
550,3946,4632
551,3946,191
552,210,4632
553,210,191
554,4632,191
555,4522,1084
556,4522,213
557,1084,213
558,1307,1439
559,1307,215
560,1439,215
561,65,4323
562,65,4618
563,65,3668
564,65,4629
565,4323,4618
566,4323,3668
567,4323,4629
568,4618,3668
569,4618,4629
570,3668,4629
571,3178,22
572,3178,2839
573,22,2839
574,4012,23
575,217,2853
576,217,2968
577,2853,2968
578,4172,990
579,4172,223
580,4172,1104
581,990,223
582,990,1104
583,223,1104
584,961,2472
585,961,4428
586,961,183
587,961,2139
588,961,4798
589,2472,4428
590,2472,183
591,2472,2139
592,2472,4798
593,4428,183
594,4428,2139
595,4428,4798
596,183,2139
597,183,4798
598,2139,4798
599,225,3342
600,225,2325
601,225,573
602,225,4320
603,3342,2325
604,3342,573
605,3342,4320
606,2325,573
607,2325,4320
608,573,4320
609,226,2722
610,226,1927
611,226,2871
612,226,189
613,2722,1927
614,2722,2871
615,2722,189
616,1927,2871
617,1927,189
618,2871,189
619,228,4824
620,4258,1411
621,4258,229
622,4258,1318
623,4258,3465
624,1411,229
625,1411,1318
626,1411,3465
627,229,1318
628,229,3465
629,1318,3465
630,1450,4759
631,1450,103
632,1450,352
633,4759,103
634,4759,352
635,103,352
636,4140,171
637,4140,2156
638,171,2156
639,4903,240
640,4903,4569
641,4903,2685
642,4903,3006
643,4903,1759
644,240,4569
645,240,2685
646,240,3006
647,240,1759
648,4569,2685
649,4569,3006
650,4569,1759
651,2685,3006
652,2685,1759
653,3006,1759
654,2035,3107
655,2035,46
656,3107,46
657,242,1791
658,242,2296
659,1791,2296
660,2305,244
661,2305,1125
662,244,1125
663,245,1087
664,2937,247
665,70,4087
666,2394,182
667,2394,4239
668,2394,248
669,182,4239
670,182,248
671,4239,248
672,251,3371
673,87,2064
674,4619,3727
675,4619,2387
676,4619,254
677,4619,1215
678,3727,2387
679,3727,254
680,3727,1215
681,2387,254
682,2387,1215
683,254,1215
684,481,2562
685,481,2504
686,481,2474
687,481,3065
688,481,255
689,2562,2504
690,2562,2474
691,2562,3065
692,2562,255
693,2504,2474
694,2504,3065
695,2504,255
696,2474,3065
697,2474,255
698,3065,255
699,257,3376
700,49,2663
701,1057,232
702,1057,1065
703,1057,1964
704,1057,624
705,1057,2656
706,232,1065
707,232,1964
708,232,624
709,232,2656
710,1065,1964
711,1065,624
712,1065,2656
713,1964,624
714,1964,2656
715,624,2656
716,261,3592
717,261,1834
718,261,4207
719,261,1823
720,3592,1834
721,3592,4207
722,3592,1823
723,1834,4207
724,1834,1823
725,4207,1823
726,837,262
727,1953,2057
728,1953,42
729,1953,701
730,1953,3456
731,2057,42
732,2057,701
733,2057,3456
734,42,701
735,42,3456
736,701,3456
737,2233,194
738,2233,2488
739,2233,264
740,194,2488
741,194,264
742,2488,264
743,4936,265
744,4936,4269
745,4936,784
746,4936,1782
747,265,4269
748,265,784
749,265,1782
750,4269,784
751,4269,1782
752,784,1782
753,3817,3323
754,3817,212
755,3817,1622
756,3323,212
757,3323,1622
758,212,1622
759,267,3876
760,267,4524
761,3876,4524
762,4537,52
763,4537,4780
764,52,4780
765,804,4103
766,804,272
767,804,1841
768,804,691
769,804,598
770,4103,272
771,4103,1841
772,4103,691
773,4103,598
774,272,1841
775,272,691
776,272,598
777,1841,691
778,1841,598
779,691,598
780,258,2548
781,275,21
782,277,1614
783,277,2357
784,1614,2357
785,13,584
786,3234,1763
787,3234,1551
788,3234,3824
789,3234,474
790,3234,93
791,1763,1551
792,1763,3824
793,1763,474
794,1763,93
795,1551,3824
796,1551,474
797,1551,93
798,3824,474
799,3824,93
800,474,93
801,1998,4846
802,1998,278
803,1998,2359
804,4846,278
805,4846,2359
806,278,2359
807,4463,4821
808,4463,279
809,4463,480
810,4821,279
811,4821,480
812,279,480
813,281,4402
814,281,2043
815,4402,2043
816,1861,4107
817,1861,878
818,1861,2735
819,1861,62
820,4107,878
821,4107,2735
822,4107,62
823,878,2735
824,878,62
825,2735,62
826,1128,2218
827,1128,1258
828,1128,3056
829,1128,1136
830,1128,284
831,2218,1258
832,2218,3056
833,2218,1136
834,2218,284
835,1258,3056
836,1258,1136
837,1258,284
838,3056,1136
839,3056,284
840,1136,284
841,4513,8
842,4513,1010
843,4513,4184
844,4513,4318
845,8,1010
846,8,4184
847,8,4318
848,1010,4184
849,1010,4318
850,4184,4318
851,3939,1989
852,3939,362
853,3939,286
854,3939,511
855,1989,362
856,1989,286
857,1989,511
858,362,286
859,362,511
860,286,511
861,4833,634
862,4833,1480
863,4833,288
864,634,1480
865,634,288
866,1480,288
867,2247,78
868,2247,1842
869,2247,3320
870,2247,1472
871,78,1842
872,78,3320
873,78,1472
874,1842,3320
875,1842,1472
876,3320,1472
877,629,2162
878,629,293
879,2162,293
880,2217,166
881,2217,471
882,2217,3265
883,166,471
884,166,3265
885,471,3265
886,3942,295
887,3942,1932
888,3942,879
889,3942,3130
890,295,1932
891,295,879
892,295,3130
893,1932,879
894,1932,3130
895,879,3130
896,4707,297
897,4707,596
898,4707,3901
899,4707,1982
900,297,596
901,297,3901
902,297,1982
903,596,3901
904,596,1982
905,3901,1982
906,554,2026
907,554,302
908,554,2574
909,554,2484
910,554,633
911,2026,302
912,2026,2574
913,2026,2484
914,2026,633
915,302,2574
916,302,2484
917,302,633
918,2574,2484
919,2574,633
920,2484,633
921,2338,4965
922,2338,1287
923,2338,1515
924,2338,303
925,2338,3440
926,4965,1287
927,4965,1515
928,4965,303
929,4965,3440
930,1287,1515
931,1287,303
932,1287,3440
933,1515,303
934,1515,3440
935,303,3440
936,642,1869
937,642,304
938,642,1176
939,642,3324
940,1869,304
941,1869,1176
942,1869,3324
943,304,1176
944,304,3324
945,1176,3324
946,3105,58
947,3105,557
948,3105,4894
949,58,557
950,58,4894
951,557,4894
952,4313,2570
953,4313,307
954,4313,2173
955,2570,307
956,2570,2173
957,307,2173
958,1570,38
959,1570,3282
960,1570,2971
961,1570,4223
962,38,3282
963,38,2971
964,38,4223
965,3282,2971
966,3282,4223
967,2971,4223
968,1547,844
969,1547,4149
970,1547,312
971,844,4149
972,844,312
973,4149,312
974,1601,314
975,1601,4892
976,1601,741
977,314,4892
978,314,741
979,4892,741
980,1127,4106
981,1127,531
982,1127,915
983,1127,315
984,4106,531
985,4106,915
986,4106,315
987,531,915
988,531,315
989,915,315
990,4037,4167
991,4037,48
992,4037,3671
993,4037,3351
994,4037,1049
995,4167,48
996,4167,3671
997,4167,3351
998,4167,1049
999,48,3671
1000,48,3351
1001,48,1049
1002,3671,3351
1003,3671,1049
1004,3351,1049
1005,249,2946
1006,249,319
1007,2946,319
1008,321,3441
1009,321,3158
1010,321,919
1011,3441,3158
1012,3441,919
1013,3158,919
1014,3427,325
1015,3427,2542
1016,3427,562
1017,3427,3932
1018,325,2542
1019,325,562
1020,325,3932
1021,2542,562
1022,2542,3932
1023,562,3932
1024,4993,4193
1025,4993,330
1026,4993,2189
1027,4993,1453
1028,4193,330
1029,4193,2189
1030,4193,1453
1031,330,2189
1032,330,1453
1033,2189,1453
1034,195,2115
1035,195,4040
1036,195,1165
1037,195,2523
1038,195,3870
1039,2115,4040
1040,2115,1165
1041,2115,2523
1042,2115,3870
1043,4040,1165
1044,4040,2523
1045,4040,3870
1046,1165,2523
1047,1165,3870
1048,2523,3870
1049,331,1905
1050,331,2673
1051,331,724
1052,331,2036
1053,1905,2673
1054,1905,724
1055,1905,2036
1056,2673,724
1057,2673,2036
1058,724,2036
1059,4315,150
1060,1987,332
1061,1987,4734
1062,1987,3836
1063,332,4734
1064,332,3836
1065,4734,3836
1066,1153,4231
1067,1153,3048
1068,1153,4108
1069,1153,1274
1070,1153,94
1071,4231,3048
1072,4231,4108
1073,4231,1274
1074,4231,94
1075,3048,4108
1076,3048,1274
1077,3048,94
1078,4108,1274
1079,4108,94
1080,1274,94
1081,2793,333
1082,2793,1184
1083,333,1184
1084,209,4441
1085,1461,2160
1086,1461,208
1087,2160,208
1088,9,2627
1089,2316,342
1090,883,1172
1091,883,3287
1092,883,345
1093,883,1017
1094,883,2588
1095,1172,3287
1096,1172,345
1097,1172,1017
1098,1172,2588
1099,3287,345
1100,3287,1017
1101,3287,2588
1102,345,1017
1103,345,2588
1104,1017,2588
1105,347,1156
1106,347,4406
1107,347,2304
1108,1156,4406
1109,1156,2304
1110,4406,2304
1111,3690,805
1112,3690,350
1113,3690,2118
1114,805,350
1115,805,2118
1116,350,2118
1117,2342,4170
1118,2342,2672
1119,2342,626
1120,2342,246
1121,2342,1118
1122,4170,2672
1123,4170,626
1124,4170,246
1125,4170,1118
1126,2672,626
1127,2672,246
1128,2672,1118
1129,626,246
1130,626,1118
1131,246,1118
1132,355,2636
1133,355,614
1134,355,1974
1135,2636,614
1136,2636,1974
1137,614,1974
1138,4353,40
1139,356,678
1140,356,2902
1141,356,3769
1142,356,4092
1143,678,2902
1144,678,3769
1145,678,4092
1146,2902,3769
1147,2902,4092
1148,3769,4092
1149,1298,101
1150,1695,359
1151,100,4875
1152,100,3469
1153,100,4696
1154,100,1052
1155,4875,3469
1156,4875,4696
1157,4875,1052
1158,3469,4696
1159,3469,1052
1160,4696,1052
1161,683,269
1162,683,2136
1163,269,2136
1164,4481,2291
1165,4481,4467
1166,4481,360
1167,2291,4467
1168,2291,360
1169,4467,360
1170,3335,1022
1171,3335,1391
1172,3335,64
1173,1022,1391
1174,1022,64
1175,1391,64
1176,744,361
1177,744,3790
1178,744,2098
1179,744,2810
1180,361,3790
1181,361,2098
1182,361,2810
1183,3790,2098
1184,3790,2810
1185,2098,2810
1186,89,694
1187,89,4639
1188,694,4639
1189,2979,2632
1190,2979,45
1191,2979,2033
1192,2979,3313
1193,2979,4224
1194,2632,45
1195,2632,2033
1196,2632,3313
1197,2632,4224
1198,45,2033
1199,45,3313
1200,45,4224
1201,2033,3313
1202,2033,4224
1203,3313,4224
1204,1361,4506
1205,1361,364
1206,1361,230
1207,4506,364
1208,4506,230
1209,364,230
1210,1642,2058
1211,1642,365
1212,1642,2799
1213,1642,2482
1214,1642,3131
1215,2058,365
1216,2058,2799
1217,2058,2482
1218,2058,3131
1219,365,2799
1220,365,2482
1221,365,3131
1222,2799,2482
1223,2799,3131
1224,2482,3131
1225,4203,366
1226,4203,3026
1227,4203,1045
1228,4203,4280
1229,366,3026
1230,366,1045
1231,366,4280
1232,3026,1045
1233,3026,4280
1234,1045,4280
1235,290,4067
1236,290,752
1237,290,2201
1238,290,3741
1239,290,4928
1240,4067,752
1241,4067,2201
1242,4067,3741
1243,4067,4928
1244,752,2201
1245,752,3741
1246,752,4928
1247,2201,3741
1248,2201,4928
1249,3741,4928
1250,371,4573
1251,2578,3659
1252,2578,3684
1253,2578,152
1254,3659,3684
1255,3659,152
1256,3684,152
1257,2132,372
1258,2132,2069
1259,372,2069
1260,2849,165
1261,2849,789
1262,2849,857
1263,2849,3226
1264,2849,1209
1265,165,789
1266,165,857
1267,165,3226
1268,165,1209
1269,789,857
1270,789,3226
1271,789,1209
1272,857,3226
1273,857,1209
1274,3226,1209
1275,1441,2755
1276,1441,4082
1277,1441,373
1278,1441,672
1279,2755,4082
1280,2755,373
1281,2755,672
1282,4082,373
1283,4082,672
1284,373,672
1285,1227,252
1286,1227,943
1287,252,943
1288,205,3566
1289,205,4309
1290,205,376
1291,205,1278
1292,205,3038
1293,3566,4309
1294,3566,376
1295,3566,1278
1296,3566,3038
1297,4309,376
1298,4309,1278
1299,4309,3038
1300,376,1278
1301,376,3038
1302,1278,3038
1303,378,1877
1304,11,1983
1305,11,3703
1306,1983,3703
1307,380,1062
1308,4434,84
1309,2786,381
1310,1402,3860
1311,1402,382
1312,1402,1702
1313,3860,382
1314,3860,1702
1315,382,1702
1316,409,4714
1317,409,1503
1318,409,383
1319,4714,1503
1320,4714,383
1321,1503,383
1322,786,4891
1323,786,384
1324,4891,384
1325,3164,336
1326,385,3417
1327,385,287
1328,3417,287
1329,386,3459
1330,386,706
1331,386,2569
1332,386,3593
1333,386,2234
1334,3459,706
1335,3459,2569
1336,3459,3593
1337,3459,2234
1338,706,2569
1339,706,3593
1340,706,2234
1341,2569,3593
1342,2569,2234
1343,3593,2234
1344,2729,854
1345,2729,390
1346,2729,2808
1347,854,390
1348,854,2808
1349,390,2808
1350,218,4750
1351,218,392
1352,4750,392
1353,394,756
1354,1609,1189
1355,1609,7
1356,1189,7
1357,770,1634
1358,770,395
1359,770,4401
1360,770,1236
1361,770,3957
1362,1634,395
1363,1634,4401
1364,1634,1236
1365,1634,3957
1366,395,4401
1367,395,1236
1368,395,3957
1369,4401,1236
1370,4401,3957
1371,1236,3957
1372,396,117
1373,396,4536
1374,117,4536
1375,4250,2563
1376,4250,4716
1377,4250,397
1378,2563,4716
1379,2563,397
1380,4716,397
1381,401,1806
1382,401,902
1383,1806,902
1384,2446,911
1385,2446,403
1386,2446,4627
1387,2446,2329
1388,911,403
1389,911,4627
1390,911,2329
1391,403,4627
1392,403,2329
1393,4627,2329
1394,353,1709
1395,353,3677
1396,1709,3677
1397,405,1494
1398,449,1377
1399,449,2020
1400,449,4946
1401,449,411
1402,1377,2020
1403,1377,4946
1404,1377,411
1405,2020,4946
1406,2020,411
1407,4946,411
1408,4519,4363
1409,4519,2413
1410,4519,1303
1411,4519,413
1412,4363,2413
1413,4363,1303
1414,4363,413
1415,2413,1303
1416,2413,413
1417,1303,413
1418,414,2152
1419,418,309
1420,418,983
1421,418,1210
1422,418,1343
1423,309,983
1424,309,1210
1425,309,1343
1426,983,1210
1427,983,1343
1428,1210,1343
1429,420,2246
1430,420,2958
1431,420,1363
1432,420,3547
1433,2246,2958
1434,2246,1363
1435,2246,3547
1436,2958,1363
1437,2958,3547
1438,1363,3547
1439,2081,3905
1440,2081,2716
1441,2081,421
1442,3905,2716
1443,3905,421
1444,2716,421
1445,3621,4873
1446,3621,4143
1447,3621,631
1448,3621,408
1449,3621,1855
1450,4873,4143
1451,4873,631
1452,4873,408
1453,4873,1855
1454,4143,631
1455,4143,408
1456,4143,1855
1457,631,408
1458,631,1855
1459,408,1855
1460,311,2442
1461,311,3261
1462,311,423
1463,2442,3261
1464,2442,423
1465,3261,423
1466,4227,3331
1467,4227,424
1468,4227,1206
1469,4227,1592
1470,4227,4956
1471,3331,424
1472,3331,1206
1473,3331,1592
1474,3331,4956
1475,424,1206
1476,424,1592
1477,424,4956
1478,1206,1592
1479,1206,4956
1480,1592,4956
1481,425,4113
1482,425,4188
1483,4113,4188
1484,4529,1778
1485,4529,2012
1486,4529,349
1487,1778,2012
1488,1778,349
1489,2012,349
1490,3595,3364
1491,3595,285
1492,3595,3455
1493,3364,285
1494,3364,3455
1495,285,3455
1496,2346,131
1497,2346,4180
1498,2346,3965
1499,131,4180
1500,131,3965
1501,4180,3965
1502,2697,203
1503,2697,2935
1504,2697,431
1505,203,2935
1506,203,431
1507,2935,431
1508,4762,432
1509,434,1908
1510,74,1831
1511,435,4621
1512,435,387
1513,4621,387
1514,2676,2475
1515,2676,294
1516,2676,438
1517,2475,294
1518,2475,438
1519,294,438
1520,1711,440
1521,1797,491
1522,1797,301
1523,1797,2711
1524,1797,1146
1525,1797,2045
1526,491,301
1527,491,2711
1528,491,1146
1529,491,2045
1530,301,2711
1531,301,1146
1532,301,2045
1533,2711,1146
1534,2711,2045
1535,1146,2045
1536,441,4611
1537,441,1117
1538,441,2766
1539,4611,1117
1540,4611,2766
1541,1117,2766
1542,4697,172
1543,448,1132
1544,448,1934
1545,448,4592
1546,448,3520
1547,1132,1934
1548,1132,4592
1549,1132,3520
1550,1934,4592
1551,1934,3520
1552,4592,3520
1553,3100,452
1554,513,1252
1555,513,453
1556,513,2809
1557,513,1849
1558,513,827
1559,1252,453
1560,1252,2809
1561,1252,1849
1562,1252,827
1563,453,2809
1564,453,1849
1565,453,827
1566,2809,1849
1567,2809,827
1568,1849,827
1569,4293,1685
1570,4293,454
1571,1685,454
1572,871,455
1573,871,2752
1574,871,1973
1575,871,3488
1576,455,2752
1577,455,1973
1578,455,3488
1579,2752,1973
1580,2752,3488
1581,1973,3488
1582,1289,459
1583,1289,3611
1584,1289,1741
1585,459,3611
1586,459,1741
1587,3611,1741
1588,1443,4773
1589,1443,463
1590,1443,1039
1591,4773,463
1592,4773,1039
1593,463,1039
1594,2244,4779
1595,2244,466
1596,2244,2555
1597,2244,3998
1598,4779,466
1599,4779,2555
1600,4779,3998
1601,466,2555
1602,466,3998
1603,2555,3998
1604,291,4905
1605,291,2384
1606,291,3281
1607,291,2591
1608,4905,2384
1609,4905,3281
1610,4905,2591
1611,2384,3281
1612,2384,2591
1613,3281,2591
1614,1546,467
1615,1546,3470
1616,467,3470
1617,468,2822
1618,468,508
1619,2822,508
1620,3393,849
1621,3393,4085
1622,3393,469
1623,3393,3222
1624,849,4085
1625,849,469
1626,849,3222
1627,4085,469
1628,4085,3222
1629,469,3222
1630,1786,324
1631,1786,470
1632,324,470
1633,3436,2445
1634,3436,658
1635,3436,472
1636,3436,3609
1637,2445,658
1638,2445,472
1639,2445,3609
1640,658,472
1641,658,3609
1642,472,3609
1643,1605,2927
1644,1605,3472
1645,1605,921
1646,1605,476
1647,1605,4960
1648,2927,3472
1649,2927,921
1650,2927,476
1651,2927,4960
1652,3472,921
1653,3472,476
1654,3472,4960
1655,921,476
1656,921,4960
1657,476,4960
1658,477,3589
1659,477,4286
1660,3589,4286
1661,483,4197
1662,483,585
1663,483,1001
1664,483,1752
1665,483,3199
1666,4197,585
1667,4197,1001
1668,4197,1752
1669,4197,3199
1670,585,1001
1671,585,1752
1672,585,3199
1673,1001,1752
1674,1001,3199
1675,1752,3199
1676,484,3231
1677,484,1848
1678,3231,1848
1679,1173,485
1680,169,4732
1681,169,2302
1682,169,1240
1683,4732,2302
1684,4732,1240
1685,2302,1240
1686,1965,4272
1687,1965,153
1688,1965,1178
1689,1965,2074
1690,4272,153
1691,4272,1178
1692,4272,2074
1693,153,1178
1694,153,2074
1695,1178,2074
1696,487,1120
1697,3812,1093
1698,3812,488
1699,3812,913
1700,3812,4054
1701,3812,3259
1702,1093,488
1703,1093,913
1704,1093,4054
1705,1093,3259
1706,488,913
1707,488,4054
1708,488,3259
1709,913,4054
1710,913,3259
1711,4054,3259
1712,489,2546
1713,489,1775
1714,2546,1775
1715,4226,4101
1716,4226,490
1717,4226,2859
1718,4226,3508
1719,4101,490
1720,4101,2859
1721,4101,3508
1722,490,2859
1723,490,3508
1724,2859,3508
1725,162,869
1726,162,1359
1727,162,1072
1728,162,1336
1729,162,699
1730,869,1359
1731,869,1072
1732,869,1336
1733,869,699
1734,1359,1072
1735,1359,1336
1736,1359,699
1737,1072,1336
1738,1072,699
1739,1336,699
1740,3180,492
1741,3180,184
1742,3180,1535
1743,3180,3552
1744,492,184
1745,492,1535
1746,492,3552
1747,184,1535
1748,184,3552
1749,1535,3552
1750,497,3896
1751,497,3608
1752,3896,3608
1753,498,1991
1754,3594,501
1755,787,4493
1756,787,502
1757,4493,502
1758,121,569
1759,121,740
1760,121,4957
1761,569,740
1762,569,4957
1763,740,4957
1764,841,338
1765,841,4868
1766,841,4440
1767,338,4868
1768,338,4440
1769,4868,4440
1770,1238,503
1771,1238,4912
1772,503,4912
1773,1828,1197
1774,1828,1487
1775,1828,504
1776,1197,1487
1777,1197,504
1778,1487,504
1779,4577,4643
1780,4577,1452
1781,4577,509
1782,4577,4000
1783,4643,1452
1784,4643,509
1785,4643,4000
1786,1452,509
1787,1452,4000
1788,509,4000
1789,289,3137
1790,289,997
1791,289,2326
1792,289,1979
1793,3137,997
1794,3137,2326
1795,3137,1979
1796,997,2326
1797,997,1979
1798,2326,1979
1799,4698,266
1800,4698,1149
1801,4698,4111
1802,266,1149
1803,266,4111
1804,1149,4111
1805,514,1724
1806,514,3316
1807,1724,3316
1808,34,3173
1809,515,3982
1810,515,3055
1811,515,690
1812,515,3476
1813,515,4948
1814,3982,3055
1815,3982,690
1816,3982,3476
1817,3982,4948
1818,3055,690
1819,3055,3476
1820,3055,4948
1821,690,3476
1822,690,4948
1823,3476,4948
1824,518,2795
1825,518,443
1826,518,3356
1827,518,4831
1828,2795,443
1829,2795,3356
1830,2795,4831
1831,443,3356
1832,443,4831
1833,3356,4831
1834,3276,519
1835,2953,3196
1836,2953,391
1837,3196,391
1838,522,3699
1839,555,3179
1840,555,151
1841,3179,151
1842,523,2293
1843,4455,3498
1844,4455,525
1845,4455,2198
1846,4455,4767
1847,3498,525
1848,3498,2198
1849,3498,4767
1850,525,2198
1851,525,4767
1852,2198,4767
1853,1844,526
1854,4610,3983
1855,4610,528
1856,4610,2897
1857,4610,3605
1858,4610,1275
1859,3983,528
1860,3983,2897
1861,3983,3605
1862,3983,1275
1863,528,2897
1864,528,3605
1865,528,1275
1866,2897,3605
1867,2897,1275
1868,3605,1275
1869,3000,2763
1870,3000,534
1871,3000,2128
1872,2763,534
1873,2763,2128
1874,534,2128
1875,41,4052
1876,618,4700
1877,618,1772
1878,618,367
1879,4700,1772
1880,4700,367
1881,1772,367
1882,2145,3326
1883,2145,539
1884,2145,3294
1885,3326,539
1886,3326,3294
1887,539,3294
1888,1475,2021
1889,1475,1885
1890,1475,541
1891,1475,2270
1892,2021,1885
1893,2021,541
1894,2021,2270
1895,1885,541
1896,1885,2270
1897,541,2270
1898,1050,4308
1899,1050,2374
1900,1050,543
1901,4308,2374
1902,4308,543
1903,2374,543
1904,444,4182
1905,4297,4267
1906,4297,1652
1907,4297,4693
1908,4297,4667
1909,4297,544
1910,4267,1652
1911,4267,4693
1912,4267,4667
1913,4267,544
1914,1652,4693
1915,1652,4667
1916,1652,544
1917,4693,4667
1918,4693,544
1919,4667,544
1920,545,4371
1921,545,1319
1922,4371,1319
1923,547,3085
1924,547,2511
1925,3085,2511
1926,1002,548
1927,2388,4813
1928,2388,550
1929,2388,4556
1930,4813,550
1931,4813,4556
1932,550,4556
1933,457,4724
1934,457,589
1935,457,3646
1936,4724,589
1937,4724,3646
1938,589,3646
1939,2047,2404
1940,2047,4454
1941,2047,551
1942,2404,4454
1943,2404,551
1944,4454,551
1945,3216,556
1946,3216,1944
1947,556,1944
1948,3757,558
1949,3757,4542
1950,558,4542
1951,3142,2287
1952,3142,560
1953,2287,560
1954,1473,4426
1955,1473,563
1956,1473,4339
1957,1473,4500
1958,1473,1946
1959,4426,563
1960,4426,4339
1961,4426,4500
1962,4426,1946
1963,563,4339
1964,563,4500
1965,563,1946
1966,4339,4500
1967,4339,1946
1968,4500,1946
1969,3649,1448
1970,3649,3369
1971,3649,568
1972,3649,4541
1973,3649,4896
1974,1448,3369
1975,1448,568
1976,1448,4541
1977,1448,4896
1978,3369,568
1979,3369,4541
1980,3369,4896
1981,568,4541
1982,568,4896
1983,4541,4896
1984,3377,3066
1985,3377,1923
1986,3377,572
1987,3066,1923
1988,3066,572
1989,1923,572
1990,3397,574
1991,3707,412
1992,3707,4464
1993,412,4464
1994,3588,2932
1995,3588,647
1996,3588,576
1997,2932,647
1998,2932,576
1999,647,576
2000,578,1541
2001,578,970
2002,578,3184
2003,578,794
2004,578,1757
2005,1541,970
2006,1541,3184
2007,1541,794
2008,1541,1757
2009,970,3184
2010,970,794
2011,970,1757
2012,3184,794
2013,3184,1757
2014,794,1757
2015,3208,1384
2016,3208,4266
2017,3208,1483
2018,3208,300
2019,3208,916
2020,1384,4266
2021,1384,1483
2022,1384,300
2023,1384,916
2024,4266,1483
2025,4266,300
2026,4266,916
2027,1483,300
2028,1483,916
2029,300,916
2030,579,2249
2031,579,3407
2032,579,3542
2033,579,920
2034,2249,3407
2035,2249,3542
2036,2249,920
2037,3407,3542
2038,3407,920
2039,3542,920
2040,580,3710
2041,3701,2262
2042,3701,2432
2043,3701,24
2044,2262,2432
2045,2262,24
2046,2432,24
2047,2777,2891
2048,2777,581
2049,2891,581
2050,259,2572
2051,259,4786
2052,259,851
2053,259,1371
2054,259,4127
2055,2572,4786
2056,2572,851
2057,2572,1371
2058,2572,4127
2059,4786,851
2060,4786,1371
2061,4786,4127
2062,851,1371
2063,851,4127
2064,1371,4127
2065,2549,582
2066,3372,4174
2067,3372,1367
2068,3372,4664
2069,3372,250
2070,4174,1367
2071,4174,4664
2072,4174,250
2073,1367,4664
2074,1367,250
2075,4664,250
2076,586,3687
2077,4938,587
2078,4938,433
2079,4938,627
2080,4938,4791
2081,4938,2137
2082,587,433
2083,587,627
2084,587,4791
2085,587,2137
2086,433,627
2087,433,4791
2088,433,2137
2089,627,4791
2090,627,2137
2091,4791,2137
2092,1765,4999
2093,1765,2313
2094,1765,588
2095,1765,2265
2096,4999,2313
2097,4999,588
2098,4999,2265
2099,2313,588
2100,2313,2265
2101,588,2265
2102,3297,590
2103,3297,2103
2104,3297,104
2105,590,2103
2106,590,104
2107,2103,104
2108,1754,75
2109,1754,860
2110,75,860
2111,593,2954
2112,593,1879
2113,2954,1879
2114,2113,594
2115,2113,846
2116,2113,3486
2117,594,846
2118,594,3486
2119,846,3486
2120,2361,595
2121,2361,757
2122,2361,2320
2123,595,757
2124,595,2320
2125,757,2320
2126,3385,4243
2127,3385,1108
2128,3385,597
2129,4243,1108
2130,4243,597
2131,1108,597
2132,2596,918
2133,2596,599
2134,2596,4119
2135,918,599
2136,918,4119
2137,599,4119
2138,3362,4723
2139,3362,3516
2140,3362,600
2141,4723,3516
2142,4723,600
2143,3516,600
2144,673,329
2145,673,748
2146,673,1583
2147,673,2256
2148,673,2225
2149,329,748
2150,329,1583
2151,329,2256
2152,329,2225
2153,748,1583
2154,748,2256
2155,748,2225
2156,1583,2256
2157,1583,2225
2158,2256,2225
2159,946,604
2160,946,2390
2161,604,2390
2162,3927,4644
2163,3927,607
2164,3927,4640
2165,4644,607
2166,4644,4640
2167,607,4640
2168,646,3015
2169,646,406
2170,646,1623
2171,646,3607
2172,3015,406
2173,3015,1623
2174,3015,3607
2175,406,1623
2176,406,3607
2177,1623,3607
2178,615,3789
2179,615,3309
2180,615,4146
2181,615,3416
2182,615,608
2183,3789,3309
2184,3789,4146
2185,3789,3416
2186,3789,608
2187,3309,4146
2188,3309,3416
2189,3309,608
2190,4146,3416
2191,4146,608
2192,3416,608
2193,609,4080
2194,609,1328
2195,4080,1328
2196,610,2440
2197,612,1863
2198,612,1194
2199,612,651
2200,612,3414
2201,1863,1194
2202,1863,651
2203,1863,3414
2204,1194,651
2205,1194,3414
2206,651,3414
2207,3429,4412
2208,3429,613
2209,4412,613
2210,4209,616
2211,617,2692
2212,617,2677
2213,2692,2677
2214,619,1047
2215,1192,4078
2216,1192,4079
2217,1192,190
2218,1192,1216
2219,4078,4079
2220,4078,190
2221,4078,1216
2222,4079,190
2223,4079,1216
2224,190,1216
2225,1028,621
2226,1028,2760
2227,621,2760
2228,622,3471
2229,622,1214
2230,3471,1214
2231,3685,4424
2232,3685,623
2233,3685,3443
2234,3685,1044
2235,3685,1432
2236,4424,623
2237,4424,3443
2238,4424,1044
2239,4424,1432
2240,623,3443
2241,623,1044
2242,623,1432
2243,3443,1044
2244,3443,1432
2245,1044,1432
2246,3177,458
2247,3177,1969
2248,3177,628
2249,3177,1239
2250,3177,1111
2251,458,1969
2252,458,628
2253,458,1239
2254,458,1111
2255,1969,628
2256,1969,1239
2257,1969,1111
2258,628,1239
2259,628,1111
2260,1239,1111
2261,914,630
2262,914,3528
2263,630,3528
2264,2972,3302
2265,2972,592
2266,2972,632
2267,3302,592
2268,3302,632
2269,592,632
2270,3700,1012
2271,3700,4598
2272,3700,2998
2273,3700,379
2274,1012,4598
2275,1012,2998
2276,1012,379
2277,4598,2998
2278,4598,379
2279,2998,379
2280,635,1708
2281,2063,3312
2282,2063,3450
2283,2063,1180
2284,2063,637
2285,3312,3450
2286,3312,1180
2287,3312,637
2288,3450,1180
2289,3450,637
2290,1180,637
2291,3526,1224
2292,3526,524
2293,3526,3405
2294,3526,2389
2295,3526,2910
2296,1224,524
2297,1224,3405
2298,1224,2389
2299,1224,2910
2300,524,3405
2301,524,2389
2302,524,2910
2303,3405,2389
2304,3405,2910
2305,2389,2910
2306,1410,645
2307,1410,2862
2308,1410,3599
2309,1410,638
2310,1410,4288
2311,645,2862
2312,645,3599
2313,645,638
2314,645,4288
2315,2862,3599
2316,2862,638
2317,2862,4288
2318,3599,638
2319,3599,4288
2320,638,4288
2321,895,639
2322,451,3780
2323,451,4198
2324,451,3154
2325,451,4765
2326,451,1310
2327,3780,4198
2328,3780,3154
2329,3780,4765
2330,3780,1310
2331,4198,3154
2332,4198,4765
2333,4198,1310
2334,3154,4765
2335,3154,1310
2336,4765,1310
2337,705,640
2338,641,4609
2339,67,2787
2340,67,1383
2341,67,1935
2342,67,3984
2343,67,3132
2344,2787,1383
2345,2787,1935
2346,2787,3984
2347,2787,3132
2348,1383,1935
2349,1383,3984
2350,1383,3132
2351,1935,3984
2352,1935,3132
2353,3984,3132
2354,4130,4901
2355,4130,648
2356,4901,648
2357,650,4115
2358,650,4510
2359,650,1552
2360,4115,4510
2361,4115,1552
2362,4510,1552
2363,652,3806
2364,2220,653
2365,2220,3383
2366,2220,343
2367,2220,3801
2368,653,3383
2369,653,343
2370,653,3801
2371,3383,343
2372,3383,3801
2373,343,3801
2374,3781,4007
2375,3781,654
2376,3781,4911
2377,3781,3409
2378,3781,1845
2379,4007,654
2380,4007,4911
2381,4007,3409
2382,4007,1845
2383,654,4911
2384,654,3409
2385,654,1845
2386,4911,3409
2387,4911,1845
2388,3409,1845
2389,3891,4076
2390,3891,1798
2391,3891,655
2392,4076,1798
2393,4076,655
2394,1798,655
2395,4836,2315
2396,4836,977
2397,4836,2289
2398,4836,659
2399,4836,4344
2400,2315,977
2401,2315,2289
2402,2315,659
2403,2315,4344
2404,977,2289
2405,977,659
2406,977,4344
2407,2289,659
2408,2289,4344
2409,659,4344
2410,779,3448
2411,779,407
2412,779,688
2413,3448,407
2414,3448,688
2415,407,688
2416,803,4774
2417,803,369
2418,803,660
2419,803,1654
2420,4774,369
2421,4774,660
2422,4774,1654
2423,369,660
2424,369,1654
2425,660,1654
2426,708,4527
2427,708,661
2428,708,4887
2429,708,446
2430,4527,661
2431,4527,4887
2432,4527,446
2433,661,4887
2434,661,446
2435,4887,446
2436,1638,4881
2437,1638,2804
2438,1638,4982
2439,1638,665
2440,4881,2804
2441,4881,4982
2442,4881,665
2443,2804,4982
2444,2804,665
2445,4982,665
2446,553,666
2447,553,4171
2448,553,3943
2449,666,4171
2450,666,3943
2451,4171,3943
2452,4465,2801
2453,4465,2515
2454,4465,1396
2455,4465,954
2456,4465,667
2457,2801,2515
2458,2801,1396
2459,2801,954
2460,2801,667
2461,2515,1396
2462,2515,954
2463,2515,667
2464,1396,954
2465,1396,667
2466,954,667
2467,2797,2867
2468,2797,3733
2469,2797,2393
2470,2797,668
2471,2797,704
2472,2867,3733
2473,2867,2393
2474,2867,668
2475,2867,704
2476,3733,2393
2477,3733,668
2478,3733,704
2479,2393,668
2480,2393,704
2481,668,704
2482,3555,4906
2483,3555,2739
2484,3555,4758
2485,3555,3387
2486,3555,669
2487,4906,2739
2488,4906,4758
2489,4906,3387
2490,4906,669
2491,2739,4758
2492,2739,3387
2493,2739,669
2494,4758,3387
2495,4758,669
2496,3387,669
2497,2661,670
2498,2661,3672
2499,670,3672
2500,1465,3157
2501,1465,671
2502,3157,671
2503,3673,674
2504,3673,2038
2505,3673,1928
2506,674,2038
2507,674,1928
2508,2038,1928
2509,675,3243
2510,675,2167
2511,675,2264
2512,675,4539
2513,3243,2167
2514,3243,2264
2515,3243,4539
2516,2167,2264
2517,2167,4539
2518,2264,4539
2519,3033,69
2520,3033,2055
2521,69,2055
2522,1121,927
2523,1121,773
2524,1121,679
2525,927,773
2526,927,679
2527,773,679
2528,4761,755
2529,4761,680
2530,755,680
2531,684,3987
2532,684,4022
2533,684,344
2534,684,1721
2535,684,2906
2536,3987,4022
2537,3987,344
2538,3987,1721
2539,3987,2906
2540,4022,344
2541,4022,1721
2542,4022,2906
2543,344,1721
2544,344,2906
2545,1721,2906
2546,929,4169
2547,929,843
2548,929,685
2549,929,2940
2550,4169,843
2551,4169,685
2552,4169,2940
2553,843,685
2554,843,2940
2555,685,2940
2556,2811,118
2557,689,4554
2558,689,1916
2559,689,4333
2560,4554,1916
2561,4554,4333
2562,1916,4333
2563,3202,693
2564,721,2075
2565,721,415
2566,721,4579
2567,2075,415
2568,2075,4579
2569,415,4579
2570,1682,3159
2571,1682,695
2572,1682,1032
2573,3159,695
2574,3159,1032
2575,695,1032
2576,4583,2479
2577,4583,1943
2578,4583,696
2579,4583,1821
2580,2479,1943
2581,2479,696
2582,2479,1821
2583,1943,696
2584,1943,1821
2585,696,1821
2586,697,3538
2587,697,1971
2588,697,1972
2589,3538,1971
2590,3538,1972
2591,1971,1972
2592,4034,2883
2593,4034,3909
2594,4034,4807
2595,4034,698
2596,2883,3909
2597,2883,4807
2598,2883,698
2599,3909,4807
2600,3909,698
2601,4807,698
2602,2917,3880
2603,2917,3337
2604,2917,86
2605,2917,700
2606,3880,3337
2607,3880,86
2608,3880,700
2609,3337,86
2610,3337,700
2611,86,700
2612,1242,4871
2613,1242,2959
2614,1242,3286
2615,1242,1818
2616,1242,703
2617,4871,2959
2618,4871,3286
2619,4871,1818
2620,4871,703
2621,2959,3286
2622,2959,1818
2623,2959,703
2624,3286,1818
2625,3286,703
2626,1818,703
2627,313,876
2628,2254,710
2629,2254,3766
2630,710,3766
2631,1030,719
2632,1030,4342
2633,1030,2138
2634,1030,4638
2635,719,4342
2636,719,2138
2637,719,4638
2638,4342,2138
2639,4342,4638
2640,2138,4638
2641,722,4075
2642,1385,723
2643,729,3697
2644,729,2398
2645,729,4112
2646,3697,2398
2647,3697,4112
2648,2398,4112
2649,1089,1635
2650,1089,4867
2651,1089,4719
2652,1089,1174
2653,1089,730
2654,1635,4867
2655,1635,4719
2656,1635,1174
2657,1635,730
2658,4867,4719
2659,4867,1174
2660,4867,730
2661,4719,1174
2662,4719,730
2663,1174,730
2664,4457,4508
2665,4457,733
2666,4457,2768
2667,4508,733
2668,4508,2768
2669,733,2768
2670,71,1522
2671,71,2168
2672,71,3704
2673,71,735
2674,1522,2168
2675,1522,3704
2676,1522,735
2677,2168,3704
2678,2168,735
2679,3704,735
2680,2308,4882
2681,2308,437
2682,2308,3963
2683,2308,736
2684,4882,437
2685,4882,3963
2686,4882,736
2687,437,3963
2688,437,736
2689,3963,736
2690,737,3809
2691,737,4630
2692,737,2495
2693,3809,4630
2694,3809,2495
2695,4630,2495
2696,3003,739
2697,3003,1141
2698,3003,2671
2699,739,1141
2700,739,2671
2701,1141,2671
2702,3970,2085
2703,3970,3720
2704,3970,745
2705,3970,4937
2706,3970,796
2707,2085,3720
2708,2085,745
2709,2085,4937
2710,2085,796
2711,3720,745
2712,3720,4937
2713,3720,796
2714,745,4937
2715,745,796
2716,4937,796
2717,747,308
2718,747,2212
2719,747,862
2720,308,2212
2721,308,862
2722,2212,862
2723,2182,3181
2724,2182,750
2725,2182,496
2726,2182,1887
2727,3181,750
2728,3181,496
2729,3181,1887
2730,750,496
2731,750,1887
2732,496,1887
2733,753,3556
2734,753,4071
2735,3556,4071
2736,2111,2724
2737,2111,759
2738,2724,759
2739,761,3258
2740,761,798
2741,761,2680
2742,3258,798
2743,3258,2680
2744,798,2680
2745,762,1150
2746,762,758
2747,762,2960
2748,1150,758
2749,1150,2960
2750,758,2960
2751,763,3478
2752,763,4927
2753,3478,4927
2754,1542,764
2755,1542,1827
2756,1542,1166
2757,764,1827
2758,764,1166
2759,1827,1166
2760,561,2841
2761,561,4133
2762,2841,4133
2763,769,1498
2764,769,2857
2765,769,2402
2766,1498,2857
2767,1498,2402
2768,2857,2402
2769,2593,771
2770,2593,1190
2771,2593,2985
2772,2593,2678
2773,2593,1151
2774,771,1190
2775,771,2985
2776,771,2678
2777,771,1151
2778,1190,2985
2779,1190,2678
2780,1190,1151
2781,2985,2678
2782,2985,1151
2783,2678,1151
2784,776,3819
2785,776,1140
2786,776,1076
2787,776,1148
2788,776,3775
2789,3819,1140
2790,3819,1076
2791,3819,1148
2792,3819,3775
2793,1140,1076
2794,1140,1148
2795,1140,3775
2796,1076,1148
2797,1076,3775
2798,1148,3775
2799,777,2745
2800,2124,780
2801,3073,3077
2802,3073,782
2803,3073,3799
2804,3073,3736
2805,3077,782
2806,3077,3799
2807,3077,3736
2808,782,3799
2809,782,3736
2810,3799,3736
2811,3945,4461
2812,3945,783
2813,3945,3955
2814,3945,1077
2815,3945,891
2816,4461,783
2817,4461,3955
2818,4461,1077
2819,4461,891
2820,783,3955
2821,783,1077
2822,783,891
2823,3955,1077
2824,3955,891
2825,1077,891
2826,282,1079
2827,785,1353
2828,2915,260
2829,2915,1872
2830,2915,3816
2831,260,1872
2832,260,3816
2833,1872,3816
2834,788,3509
2835,2980,4228
2836,2980,1615
2837,2980,4597
2838,2980,791
2839,2980,3451
2840,4228,1615
2841,4228,4597
2842,4228,791
2843,4228,3451
2844,1615,4597
2845,1615,791
2846,1615,3451
2847,4597,791
2848,4597,3451
2849,791,3451
2850,106,1315
2851,793,3272
2852,793,1005
2853,793,1264
2854,3272,1005
2855,3272,1264
2856,1005,1264
2857,1025,797
2858,233,2331
2859,233,2880
2860,233,2832
2861,2331,2880
2862,2331,2832
2863,2880,2832
2864,2667,2412
2865,2667,4244
2866,2667,799
2867,2412,4244
2868,2412,799
2869,4244,799
2870,801,1796
2871,801,4518
2872,801,1231
2873,801,3059
2874,801,2877
2875,1796,4518
2876,1796,1231
2877,1796,3059
2878,1796,2877
2879,4518,1231
2880,4518,3059
2881,4518,2877
2882,1231,3059
2883,1231,2877
2884,3059,2877
2885,4364,802
2886,4364,868
2887,4364,2408
2888,802,868
2889,802,2408
2890,868,2408
2891,2565,806
2892,2565,3884
2893,2565,2965
2894,2565,2395
2895,806,3884
2896,806,2965
2897,806,2395
2898,3884,2965
2899,3884,2395
2900,2965,2395
2901,625,2719
2902,2890,1170
2903,2890,807
2904,2890,4208
2905,1170,807
2906,1170,4208
2907,807,4208
2908,810,2796
2909,810,4031
2910,810,2999
2911,2796,4031
2912,2796,2999
2913,4031,2999
2914,2501,811
2915,2501,2571
2916,2501,2223
2917,2501,3255
2918,811,2571
2919,811,2223
2920,811,3255
2921,2571,2223
2922,2571,3255
2923,2223,3255
2924,812,3890
2925,812,2232
2926,812,4089
2927,812,858
2928,812,1598
2929,3890,2232
2930,3890,4089
2931,3890,858
2932,3890,1598
2933,2232,4089
2934,2232,858
2935,2232,1598
2936,4089,858
2937,4089,1598
2938,858,1598
2939,3249,813
2940,1961,818
2941,1961,1576
2942,1961,1080
2943,818,1576
2944,818,1080
2945,1576,1080
2946,971,819
2947,971,4229
2948,819,4229
2949,2505,1226
2950,2505,4011
2951,2505,2292
2952,2505,822
2953,2505,4476
2954,1226,4011
2955,1226,2292
2956,1226,822
2957,1226,4476
2958,4011,2292
2959,4011,822
2960,4011,4476
2961,2292,822
2962,2292,4476
2963,822,4476
2964,2983,3787
2965,2983,1073
2966,2983,823
2967,2983,3674
2968,3787,1073
2969,3787,823
2970,3787,3674
2971,1073,823
2972,1073,3674
2973,823,3674
2974,825,1186
2975,825,461
2976,825,3618
2977,1186,461
2978,1186,3618
2979,461,3618
2980,826,2210
2981,3018,29
2982,3138,829
2983,500,3997
2984,500,4607
2985,3997,4607
2986,4977,831
2987,3366,1640
2988,3366,4692
2989,3366,3639
2990,3366,832
2991,1640,4692
2992,1640,3639
2993,1640,832
2994,4692,3639
2995,4692,832
2996,3639,832
2997,833,4865
2998,833,4236
2999,833,2194
3000,833,3730
3001,833,85
3002,4865,4236
3003,4865,2194
3004,4865,3730
3005,4865,85
3006,4236,2194
3007,4236,3730
3008,4236,85
3009,2194,3730
3010,2194,85
3011,3730,85
3012,3651,836
3013,3651,1477
3014,3651,3783
3015,3651,3637
3016,3651,3514
3017,836,1477
3018,836,3783
3019,836,3637
3020,836,3514
3021,1477,3783
3022,1477,3637
3023,1477,3514
3024,3783,3637
3025,3783,3514
3026,3637,3514
3027,2662,1420
3028,2662,4563
3029,2662,19
3030,2662,1463
3031,1420,4563
3032,1420,19
3033,1420,1463
3034,4563,19
3035,4563,1463
3036,19,1463
3037,2179,3268
3038,2179,3045
3039,2179,842
3040,2179,1403
3041,2179,4382
3042,3268,3045
3043,3268,842
3044,3268,1403
3045,3268,4382
3046,3045,842
3047,3045,1403
3048,3045,4382
3049,842,1403
3050,842,4382
3051,1403,4382
3052,2257,845
3053,847,1520
3054,1956,870
3055,1956,3273
3056,1956,2700
3057,1956,2381
3058,1956,848
3059,870,3273
3060,870,2700
3061,870,2381
3062,870,848
3063,3273,2700
3064,3273,2381
3065,3273,848
3066,2700,2381
3067,2700,848
3068,2381,848
3069,850,3808
3070,850,1470
3071,850,2560
3072,3808,1470
3073,3808,2560
3074,1470,2560
3075,305,2648
3076,852,4980
3077,1092,2604
3078,1092,109
3079,1092,1617
3080,1092,853
3081,1092,2901
3082,2604,109
3083,2604,1617
3084,2604,853
3085,2604,2901
3086,109,1617
3087,109,853
3088,109,2901
3089,1617,853
3090,1617,2901
3091,853,2901
3092,4001,4431
3093,4001,3568
3094,4001,980
3095,4001,1268
3096,4001,855
3097,4431,3568
3098,4431,980
3099,4431,1268
3100,4431,855
3101,3568,980
3102,3568,1268
3103,3568,855
3104,980,1268
3105,980,855
3106,1268,855
3107,4838,856
3108,1330,861
3109,1330,2535
3110,1330,2336
3111,861,2535
3112,861,2336
3113,2535,2336
3114,1895,3435
3115,1895,760
3116,1895,2619
3117,1895,1920
3118,3435,760
3119,3435,2619
3120,3435,1920
3121,760,2619
3122,760,1920
3123,2619,1920
3124,4324,4235
3125,4324,2092
3126,4324,3702
3127,4324,2842
3128,4324,863
3129,4235,2092
3130,4235,3702
3131,4235,2842
3132,4235,863
3133,2092,3702
3134,2092,2842
3135,2092,863
3136,3702,2842
3137,3702,863
3138,2842,863
3139,1840,1269
3140,1840,3548
3141,1840,220
3142,1840,864
3143,1269,3548
3144,1269,220
3145,1269,864
3146,3548,220
3147,3548,864
3148,220,864
3149,865,2882
3150,865,4098
3151,865,2052
3152,865,393
3153,865,3989
3154,2882,4098
3155,2882,2052
3156,2882,393
3157,2882,3989
3158,4098,2052
3159,4098,393
3160,4098,3989
3161,2052,393
3162,2052,3989
3163,393,3989
3164,866,3010
3165,866,944
3166,866,884
3167,866,4637
3168,3010,944
3169,3010,884
3170,3010,4637
3171,944,884
3172,944,4637
3173,884,4637
3174,2992,4511
3175,2992,872
3176,4511,872
3177,4355,873
3178,4355,4717
3179,4355,3185
3180,4355,1138
3181,4355,2933
3182,873,4717
3183,873,3185
3184,873,1138
3185,873,2933
3186,4717,3185
3187,4717,1138
3188,4717,2933
3189,3185,1138
3190,3185,2933
3191,1138,2933
3192,3845,3306
3193,3845,875
3194,3845,4971
3195,3845,3089
3196,3845,2903
3197,3306,875
3198,3306,4971
3199,3306,3089
3200,3306,2903
3201,875,4971
3202,875,3089
3203,875,2903
3204,4971,3089
3205,4971,2903
3206,3089,2903
3207,2437,4893
3208,2437,880
3209,4893,880
3210,2379,3473
3211,2379,2967
3212,2379,887
3213,2379,3388
3214,3473,2967
3215,3473,887
3216,3473,3388
3217,2967,887
3218,2967,3388
3219,887,3388
3220,4450,5000
3221,4450,1195
3222,4450,3575
3223,4450,889
3224,4450,1147
3225,5000,1195
3226,5000,3575
3227,5000,889
3228,5000,1147
3229,1195,3575
3230,1195,889
3231,1195,1147
3232,3575,889
3233,3575,1147
3234,889,1147
3235,2537,892
3236,2537,2094
3237,892,2094
3238,4657,92
3239,1154,1865
3240,1154,3658
3241,1154,893
3242,1154,2654
3243,1865,3658
3244,1865,893
3245,1865,2654
3246,3658,893
3247,3658,2654
3248,893,2654
3249,1788,894
3250,3384,896
3251,899,389
3252,899,3728
3253,899,3156
3254,899,2581
3255,899,1664
3256,389,3728
3257,389,3156
3258,389,2581
3259,389,1664
3260,3728,3156
3261,3728,2581
3262,3728,1664
3263,3156,2581
3264,3156,1664
3265,2581,1664
3266,2241,4907
3267,2241,900
3268,4907,900
3269,4057,901
3270,922,3539
3271,922,1668
3272,922,903
3273,3539,1668
3274,3539,903
3275,1668,903
3276,1446,135
3277,1446,905
3278,1446,1645
3279,1446,3571
3280,1446,2206
3281,135,905
3282,135,1645
3283,135,3571
3284,135,2206
3285,905,1645
3286,905,3571
3287,905,2206
3288,1645,3571
3289,1645,2206
3290,3571,2206
3291,907,4823
3292,986,908
3293,986,1653
3294,986,4735
3295,908,1653
3296,908,4735
3297,1653,4735
3298,179,3109
3299,4162,2371
3300,4162,767
3301,2371,767
3302,2190,1955
3303,2190,910
3304,2190,158
3305,1955,910
3306,1955,158
3307,910,158
3308,1457,917
3309,4809,924
3310,4809,1445
3311,924,1445
3312,1667,1901
3313,1667,2447
3314,1667,2386
3315,1667,925
3316,1901,2447
3317,1901,2386
3318,1901,925
3319,2447,2386
3320,2447,925
3321,2386,925
3322,926,3623
3323,4568,3716
3324,4568,928
3325,3716,928
3326,930,2258
3327,930,3382
3328,930,4591
3329,2258,3382
3330,2258,4591
3331,3382,4591
3332,931,3466
3333,931,4347
3334,931,2836
3335,931,2580
3336,931,2011
3337,3466,4347
3338,3466,2836
3339,3466,2580
3340,3466,2011
3341,4347,2836
3342,4347,2580
3343,4347,2011
3344,2836,2580
3345,2836,2011
3346,2580,2011
3347,3140,932
3348,3140,1255
3349,3140,3920
3350,3140,1780
3351,932,1255
3352,932,3920
3353,932,1780
3354,1255,3920
3355,1255,1780
3356,3920,1780
3357,2929,90
3358,2929,935
3359,90,935
3360,936,3603
3361,936,540
3362,936,4669
3363,936,1888
3364,3603,540
3365,3603,4669
3366,3603,1888
3367,540,4669
3368,540,1888
3369,4669,1888
3370,937,2517
3371,4420,4649
3372,4420,939
3373,4420,3631
3374,4420,4176
3375,4420,1558
3376,4649,939
3377,4649,3631
3378,4649,4176
3379,4649,1558
3380,939,3631
3381,939,4176
3382,939,1558
3383,3631,4176
3384,3631,1558
3385,4176,1558
3386,945,4634
3387,945,4856
3388,4634,4856
3389,1866,948
3390,1866,4136
3391,948,4136
3392,1458,949
3393,4578,2825
3394,4578,3217
3395,4578,952
3396,4578,2299
3397,4578,4128
3398,2825,3217
3399,2825,952
3400,2825,2299
3401,2825,4128
3402,3217,952
3403,3217,2299
3404,3217,4128
3405,952,2299
3406,952,4128
3407,2299,4128
3408,2665,164
3409,2665,4840
3410,164,4840
3411,4296,2123
3412,4296,1262
3413,4296,3729
3414,4296,1525
3415,4296,953
3416,2123,1262
3417,2123,3729
3418,2123,1525
3419,2123,953
3420,1262,3729
3421,1262,1525
3422,1262,953
3423,3729,1525
3424,3729,953
3425,1525,953
3426,4715,192
3427,4044,662
3428,3748,3209
3429,3748,2864
3430,3748,4509
3431,3748,475
3432,3748,957
3433,3209,2864
3434,3209,4509
3435,3209,475
3436,3209,957
3437,2864,4509
3438,2864,475
3439,2864,957
3440,4509,475
3441,4509,957
3442,475,957
3443,2741,958
3444,4449,963
3445,4449,2428
3446,963,2428
3447,132,965
3448,132,1386
3449,132,4284
3450,132,3793
3451,132,2844
3452,965,1386
3453,965,4284
3454,965,3793
3455,965,2844
3456,1386,4284
3457,1386,3793
3458,1386,2844
3459,4284,3793
3460,4284,2844
3461,3793,2844
3462,1249,1505
3463,1249,3778
3464,1249,4679
3465,1249,2536
3466,1249,969
3467,1249,3977
3468,1249,4017
3469,1249,1813
3470,1505,3778
3471,1505,4679
3472,1505,2536
3473,1505,969
3474,1505,3977
3475,1505,4017
3476,1505,1813
3477,3778,4679
3478,3778,2536
3479,3778,969
3480,3778,3977
3481,3778,4017
3482,3778,1813
3483,4679,2536
3484,4679,969
3485,4679,3977
3486,4679,4017
3487,4679,1813
3488,2536,969
3489,2536,3977
3490,2536,4017
3491,2536,1813
3492,969,3977
3493,969,4017
3494,969,1813
3495,3977,4017
3496,3977,1813
3497,4017,1813
3498,2099,972
3499,2099,3213
3500,2099,2624
3501,972,3213
3502,972,2624
3503,3213,2624
3504,3250,974
3505,3250,1415
3506,974,1415
3507,4601,2003
3508,4601,4060
3509,4601,976
3510,2003,4060
3511,2003,976
3512,4060,976
3513,981,4974
3514,2186,989
3515,370,3629
3516,370,3663
3517,370,1658
3518,3629,3663
3519,3629,1658
3520,3663,1658
3521,993,2508
3522,993,3877
3523,2508,3877
3524,994,2436
3525,994,3798
3526,994,4855
3527,2436,3798
3528,2436,4855
3529,3798,4855
3530,998,2023
3531,998,2199
3532,998,2007
3533,998,1273
3534,2023,2199
3535,2023,2007
3536,2023,1273
3537,2199,2007
3538,2199,1273
3539,2007,1273
3540,177,3251
3541,1003,1531
3542,3211,1004
3543,3460,1006
3544,2761,4153
3545,2761,1007
3546,2761,3544
3547,4153,1007
3548,4153,3544
3549,1007,3544
3550,1009,3274
3551,1009,959
3552,1009,1737
3553,3274,959
3554,3274,1737
3555,959,1737
3556,1159,1288
3557,1159,299
3558,1159,1013
3559,1159,1784
3560,1288,299
3561,1288,1013
3562,1288,1784
3563,299,1013
3564,299,1784
3565,1013,1784
3566,1514,3067
3567,1514,1014
3568,3067,1014
3569,1435,2183
3570,1435,2630
3571,1435,1015
3572,2183,2630
3573,2183,1015
3574,2630,1015
3575,2689,1283
3576,2689,2820
3577,2689,4091
3578,2689,956
3579,1283,2820
3580,1283,4091
3581,1283,956
3582,2820,4091
3583,2820,956
3584,4091,956
3585,1019,1191
3586,4976,3088
3587,4976,1527
3588,4976,3386
3589,4976,1851
3590,4976,1020
3591,3088,1527
3592,3088,3386
3593,3088,1851
3594,3088,1020
3595,1527,3386
3596,1527,1851
3597,1527,1020
3598,3386,1851
3599,3386,1020
3600,1851,1020
3601,4102,2702
3602,4102,1024
3603,2702,1024
3604,186,1795
3605,186,3832
3606,1795,3832
3607,1029,934
3608,3363,1033
3609,3363,2411
3610,3363,2613
3611,3363,3129
3612,1033,2411
3613,1033,2613
3614,1033,3129
3615,2411,2613
3616,2411,3129
3617,2613,3129
3618,3908,1034
3619,3908,3606
3620,3908,4056
3621,3908,4254
3622,1034,3606
3623,1034,4056
3624,1034,4254
3625,3606,4056
3626,3606,4254
3627,4056,4254
3628,3931,1036
3629,3931,1651
3630,1036,1651
3631,3849,1037
3632,3849,4125
3633,3849,4062
3634,3849,4287
3635,1037,4125
3636,1037,4062
3637,1037,4287
3638,4125,4062
3639,4125,4287
3640,4062,4287
3641,3240,1038
3642,3240,4718
3643,3240,3772
3644,3240,2686
3645,1038,4718
3646,1038,3772
3647,1038,2686
3648,4718,3772
3649,4718,2686
3650,3772,2686
3651,3527,1040
3652,2433,1042
3653,2433,2866
3654,2433,4438
3655,2433,3194
3656,1042,2866
3657,1042,4438
3658,1042,3194
3659,2866,4438
3660,2866,3194
3661,4438,3194
3662,4442,1960
3663,4442,1043
3664,4442,1312
3665,1960,1043
3666,1960,1312
3667,1043,1312
3668,2030,465
3669,2030,1048
3670,2030,1854
3671,2030,1375
3672,465,1048
3673,465,1854
3674,465,1375
3675,1048,1854
3676,1048,1375
3677,1854,1375
3678,1758,1899
3679,1758,2924
3680,1758,1054
3681,1899,2924
3682,1899,1054
3683,2924,1054
3684,506,1131
3685,506,1055
3686,1131,1055
3687,1753,1060
3688,1753,3753
3689,1753,4496
3690,1060,3753
3691,1060,4496
3692,3753,4496
3693,657,1305
3694,657,3747
3695,1305,3747
3696,1066,3887
3697,1066,2032
3698,3887,2032
3699,4740,3499
3700,4740,1067
3701,4740,1966
3702,4740,4377
3703,3499,1067
3704,3499,1966
3705,3499,4377
3706,1067,1966
3707,1067,4377
3708,1966,4377
3709,3495,1351
3710,3495,4109
3711,3495,1078
3712,3495,1760
3713,1351,4109
3714,1351,1078
3715,1351,1760
3716,4109,1078
3717,4109,1760
3718,1078,1760
3719,1082,4322
3720,2723,2416
3721,2723,3856
3722,2723,2034
3723,2723,1686
3724,2723,1083
3725,2416,3856
3726,2416,2034
3727,2416,1686
3728,2416,1083
3729,3856,2034
3730,3856,1686
3731,3856,1083
3732,2034,1686
3733,2034,1083
3734,1686,1083
3735,322,4027
3736,322,4445
3737,4027,4445
3738,3867,3390
3739,3867,3725
3740,3867,1086
3741,3390,3725
3742,3390,1086
3743,3725,1086
3744,4064,4772
3745,4064,1135
3746,4064,1088
3747,4772,1135
3748,4772,1088
3749,1135,1088
3750,1090,3292
3751,1094,2728
3752,2337,1100
3753,2337,3976
3754,1100,3976
3755,1201,2027
3756,1201,1101
3757,2027,1101
3758,4721,1102
3759,4282,3557
3760,4282,1103
3761,3557,1103
3762,357,4045
3763,357,1649
3764,357,1747
3765,357,4572
3766,4045,1649
3767,4045,1747
3768,4045,4572
3769,1649,1747
3770,1649,4572
3771,1747,4572
3772,3554,967
3773,3554,1106
3774,3554,1621
3775,3554,2076
3776,967,1106
3777,967,1621
3778,967,2076
3779,1106,1621
3780,1106,2076
3781,1621,2076
3782,906,3051
3783,906,2962
3784,906,1107
3785,906,3776
3786,3051,2962
3787,3051,1107
3788,3051,3776
3789,2962,1107
3790,2962,3776
3791,1107,3776
3792,3458,1109
3793,3458,1270
3794,1109,1270
3795,3795,1110
3796,3879,1643
3797,3879,3885
3798,3879,1112
3799,3879,4602
3800,1643,3885
3801,1643,1112
3802,1643,4602
3803,3885,1112
3804,3885,4602
3805,1112,4602
3806,1113,2834
3807,1369,1115
3808,1085,2814
3809,1085,1119
3810,2814,1119
3811,1124,4357
3812,1124,4310
3813,1124,3392
3814,4357,4310
3815,4357,3392
3816,4310,3392
3817,985,1317
3818,985,1886
3819,1317,1886
3820,1130,1926
3821,2082,1134
3822,2082,3751
3823,1134,3751
3824,1137,1884
3825,1137,1815
3826,1884,1815
3827,2147,3017
3828,2147,3439
3829,2147,274
3830,2147,1139
3831,2147,1589
3832,3017,3439
3833,3017,274
3834,3017,1139
3835,3017,1589
3836,3439,274
3837,3439,1139
3838,3439,1589
3839,274,1139
3840,274,1589
3841,1139,1589
3842,4035,4557
3843,4035,3953
3844,4035,1143
3845,4035,3037
3846,4557,3953
3847,4557,1143
3848,4557,3037
3849,3953,1143
3850,3953,3037
3851,1143,3037
3852,754,1510
3853,754,3680
3854,1510,3680
3855,1507,1144
3856,1537,3248
3857,1537,1152
3858,3248,1152
3859,1160,3628
3860,1160,1326
3861,1160,4817
3862,1160,2205
3863,3628,1326
3864,3628,4817
3865,3628,2205
3866,1326,4817
3867,1326,2205
3868,4817,2205
3869,4161,1762
3870,4161,4039
3871,4161,1163
3872,4161,1462
3873,1762,4039
3874,1762,1163
3875,1762,1462
3876,4039,1163
3877,4039,1462
3878,1163,1462
3879,2467,1168
3880,1169,4670
3881,2996,734
3882,1177,4485
3883,1177,1859
3884,1177,4147
3885,4485,1859
3886,4485,4147
3887,1859,4147
3888,1179,2567
3889,1179,3080
3890,2567,3080
3891,460,1181
3892,460,2558
3893,1181,2558
3894,1161,1187
3895,1161,2872
3896,1187,2872
3897,2609,1188
3898,897,1349
3899,897,3686
3900,1349,3686
3901,1193,2746
3902,1193,2556
3903,2746,2556
3904,2049,2121
3905,2049,2378
3906,2049,1196
3907,2049,2327
3908,2049,3800
3909,2121,2378
3910,2121,1196
3911,2121,2327
3912,2121,3800
3913,2378,1196
3914,2378,2327
3915,2378,3800
3916,1196,2327
3917,1196,3800
3918,2327,3800
3919,4189,1198
3920,4842,716
3921,4842,3182
3922,4842,1199
3923,4842,4596
3924,4842,2169
3925,716,3182
3926,716,1199
3927,716,4596
3928,716,2169
3929,3182,1199
3930,3182,4596
3931,3182,2169
3932,1199,4596
3933,1199,2169
3934,4596,2169
3935,4008,1200
3936,4008,3731
3937,4008,2391
3938,4008,636
3939,4008,1950
3940,1200,3731
3941,1200,2391
3942,1200,636
3943,1200,1950
3944,3731,2391
3945,3731,636
3946,3731,1950
3947,2391,636
3948,2391,1950
3949,636,1950
3950,4332,2831
3951,4332,125
3952,4332,2675
3953,4332,3802
3954,4332,4058
3955,2831,125
3956,2831,2675
3957,2831,3802
3958,2831,4058
3959,125,2675
3960,125,3802
3961,125,4058
3962,2675,3802
3963,2675,4058
3964,3802,4058
3965,1202,4900
3966,1202,4834
3967,4900,4834
3968,4487,3016
3969,4487,3755
3970,4487,4747
3971,4487,1204
3972,4487,1344
3973,3016,3755
3974,3016,4747
3975,3016,1204
3976,3016,1344
3977,3755,4747
3978,3755,1204
3979,3755,1344
3980,4747,1204
3981,4747,1344
3982,1204,1344
3983,1891,4150
3984,1891,2078
3985,1891,1208
3986,4150,2078
3987,4150,1208
3988,2078,1208
3989,1771,1213
3990,1771,3864
3991,1213,3864
3992,1217,3779
3993,1217,2606
3994,1217,3705
3995,1217,4570
3996,1217,4828
3997,3779,2606
3998,3779,3705
3999,3779,4570
4000,3779,4828
4001,2606,3705
4002,2606,4570
4003,2606,4828
4004,3705,4570
4005,3705,4828
4006,4570,4828
4007,4961,1219
4008,4961,1347
4009,1219,1347
4010,339,1222
4011,2898,2522
4012,2898,1228
4013,2522,1228
4014,4386,4471
4015,4386,2319
4016,4386,1232
4017,4471,2319
4018,4471,1232
4019,2319,1232
4020,1233,4599
4021,1235,3904
4022,1235,2464
4023,3904,2464
4024,4238,1781
4025,4238,1142
4026,4238,3670
4027,4238,1691
4028,4238,1471
4029,1781,1142
4030,1781,3670
4031,1781,1691
4032,1781,1471
4033,1142,3670
4034,1142,1691
4035,1142,1471
4036,3670,1691
4037,3670,1471
4038,1691,1471
4039,4835,2922
4040,4835,2829
4041,4835,1237
4042,4835,4988
4043,2922,2829
4044,2922,1237
4045,2922,4988
4046,2829,1237
4047,2829,4988
4048,1237,4988
4049,1241,3835
4050,1241,1340
4051,1241,1958
4052,3835,1340
4053,3835,1958
4054,1340,1958
4055,1244,4566
4056,1245,3494
4057,1245,4206
4058,3494,4206
4059,2770,3602
4060,2770,3413
4061,2770,1688
4062,2770,1246
4063,3602,3413
4064,3602,1688
4065,3602,1246
4066,3413,1688
4067,3413,1246
4068,1688,1246
4069,2477,1247
4070,4356,1774
4071,4356,2743
4072,4356,2490
4073,4356,1248
4074,1774,2743
4075,1774,2490
4076,1774,1248
4077,2743,2490
4078,2743,1248
4079,2490,1248
4080,1740,1254
4081,3993,1259
4082,3993,4294
4083,3993,4699
4084,1259,4294
4085,1259,4699
4086,4294,4699
4087,2497,4526
4088,2497,1263
4089,2497,2454
4090,2497,3706
4091,4526,1263
4092,4526,2454
4093,4526,3706
4094,1263,2454
4095,1263,3706
4096,2454,3706
4097,1265,3815
4098,1265,1868
4099,1265,2231
4100,3815,1868
4101,3815,2231
4102,1868,2231
4103,3972,4036
4104,3972,4933
4105,3972,3624
4106,3972,4558
4107,3972,1266
4108,4036,4933
4109,4036,3624
4110,4036,4558
4111,4036,1266
4112,4933,3624
4113,4933,4558
4114,4933,1266
4115,3624,4558
4116,3624,1266
4117,4558,1266
4118,1267,3253
4119,1267,1800
4120,3253,1800
4121,1633,3298
4122,1633,1271
4123,3298,1271
4124,3941,1516
4125,3941,2227
4126,3941,3926
4127,3941,1272
4128,1516,2227
4129,1516,3926
4130,1516,1272
4131,2227,3926
4132,2227,1272
4133,3926,1272
4134,358,3096
4135,1276,4808
4136,1769,3886
4137,1769,1279
4138,3886,1279
4139,4163,1280
4140,1281,1518
4141,1281,2481
4142,1281,1399
4143,1281,1792
4144,1518,2481
4145,1518,1399
4146,1518,1792
4147,2481,1399
4148,2481,1792
4149,1399,1792
4150,1282,4495
4151,1282,3239
4152,1282,1871
4153,4495,3239
4154,4495,1871
4155,3239,1871
4156,1286,3328
4157,1068,3350
4158,1068,1568
4159,3350,1568
4160,1291,2533
4161,1291,4701
4162,2533,4701
4163,4546,1292
4164,1293,1557
4165,3437,1294
4166,3437,4978
4167,3437,1597
4168,3437,4990
4169,1294,4978
4170,1294,1597
4171,1294,4990
4172,4978,1597
4173,4978,4990
4174,1597,4990
4175,1297,2202
4176,1297,4861
4177,1297,4025
4178,2202,4861
4179,2202,4025
4180,4861,4025
4181,3111,1299
4182,3111,1767
4183,1299,1767
4184,2923,1300
4185,1301,4096
4186,4745,2668
4187,4745,2830
4188,4745,1304
4189,4745,2107
4190,4745,3424
4191,2668,2830
4192,2668,1304
4193,2668,2107
4194,2668,3424
4195,2830,1304
4196,2830,2107
4197,2830,3424
4198,1304,2107
4199,1304,3424
4200,2107,3424
4201,2530,4483
4202,2530,4998
4203,2530,2543
4204,2530,3155
4205,2530,1308
4206,4483,4998
4207,4483,2543
4208,4483,3155
4209,4483,1308
4210,4998,2543
4211,4998,3155
4212,4998,1308
4213,2543,3155
4214,2543,1308
4215,3155,1308
4216,4738,2821
4217,4738,1479
4218,4738,1309
4219,4738,3391
4220,2821,1479
4221,2821,1309
4222,2821,3391
4223,1479,1309
4224,1479,3391
4225,1309,3391
4226,1311,4968
4227,1313,3113
4228,1313,3988
4229,1313,4985
4230,3113,3988
4231,3113,4985
4232,3988,4985
4233,3903,1320
4234,4281,2355
4235,4281,1324
4236,2355,1324
4237,1325,4728
4238,1892,1804
4239,1892,4940
4240,1892,398
4241,1892,3160
4242,1892,2683
4243,1804,4940
4244,1804,398
4245,1804,3160
4246,1804,2683
4247,4940,398
4248,4940,3160
4249,4940,2683
4250,398,3160
4251,398,2683
4252,3160,2683
4253,1329,2869
4254,1332,2896
4255,1333,781
4256,1922,2559
4257,1922,4647
4258,1922,3928
4259,1922,1341
4260,1922,4383
4261,2559,4647
4262,2559,3928
4263,2559,1341
4264,2559,4383
4265,4647,3928
4266,4647,1341
4267,4647,4383
4268,3928,1341
4269,3928,4383
4270,1341,4383
4271,1348,1677
4272,3844,2854
4273,3844,1350
4274,3844,2919
4275,3844,3053
4276,3844,3317
4277,2854,1350
4278,2854,2919
4279,2854,3053
4280,2854,3317
4281,1350,2919
4282,1350,3053
4283,1350,3317
4284,2919,3053
4285,2919,3317
4286,3053,3317
4287,2670,1429
4288,2670,4014
4289,2670,1352
4290,1429,4014
4291,1429,1352
4292,4014,1352
4293,3426,3301
4294,3426,1355
4295,3426,4494
4296,3426,4177
4297,3301,1355
4298,3301,4494
4299,3301,4177
4300,1355,4494
4301,1355,4177
4302,4494,4177
4303,1356,2349
4304,1356,3665
4305,1356,3442
4306,1356,2363
4307,1356,2780
4308,2349,3665
4309,2349,3442
4310,2349,2363
4311,2349,2780
4312,3665,3442
4313,3665,2363
4314,3665,2780
4315,3442,2363
4316,3442,2780
4317,2363,2780
4318,2273,4677
4319,2273,1357
4320,2273,2637
4321,2273,4595
4322,4677,1357
4323,4677,2637
4324,4677,4595
4325,1357,2637
4326,1357,4595
4327,2637,4595
4328,4073,3660
4329,4073,1360
4330,3660,1360
4331,4848,4240
4332,4848,2422
4333,4848,1366
4334,4848,1625
4335,4240,2422
4336,4240,1366
4337,4240,1625
4338,2422,1366
4339,2422,1625
4340,1366,1625
4341,4561,1370
4342,4561,340
4343,4561,2912
4344,1370,340
4345,1370,2912
4346,340,2912
4347,2235,1372
4348,2235,2541
4349,1372,2541
4350,1373,1502
4351,337,2909
4352,337,1390
4353,2909,1390
4354,1843,4902
4355,1843,1374
4356,1843,4879
4357,4902,1374
4358,4902,4879
4359,1374,4879
4360,4114,1379
4361,1380,4744
4362,1380,1898
4363,1380,1395
4364,1380,4447
4365,4744,1898
4366,4744,1395
4367,4744,4447
4368,1898,1395
4369,1898,4447
4370,1395,4447
4371,1382,4233
4372,1382,746
4373,1382,4925
4374,1382,3840
4375,4233,746
4376,4233,4925
4377,4233,3840
4378,746,4925
4379,746,3840
4380,4925,3840
4381,1387,1555
4382,1387,3910
4383,1387,2158
4384,1555,3910
4385,1555,2158
4386,3910,2158
4387,268,2510
4388,1670,1388
4389,1670,2607
4390,1670,2164
4391,1670,1018
4392,1670,1917
4393,1388,2607
4394,1388,2164
4395,1388,1018
4396,1388,1917
4397,2607,2164
4398,2607,1018
4399,2607,1917
4400,2164,1018
4401,2164,1917
4402,1018,1917
4403,1389,3112
4404,1393,1694
4405,1394,4285
4406,1394,2341
4407,4285,2341
4408,4850,1756
4409,4850,1398
4410,1756,1398
4411,1401,3585
4412,1401,3537
4413,3585,3537
4414,1594,3979
4415,1594,1404
4416,1594,4491
4417,3979,1404
4418,3979,4491
4419,1404,4491
4420,3049,1405
4421,3049,4104
4422,1405,4104
4423,2561,1406
4424,4514,1407
4425,2658,4165
4426,2658,2192
4427,2658,3512
4428,2658,2911
4429,2658,1408
4430,4165,2192
4431,4165,3512
4432,4165,2911
4433,4165,1408
4434,2192,3512
4435,2192,2911
4436,2192,1408
4437,3512,2911
4438,3512,1408
4439,2911,1408
4440,1409,3940
4441,1409,1894
4442,1409,3692
4443,1409,4335
4444,1409,3794
4445,3940,1894
4446,3940,3692
4447,3940,4335
4448,3940,3794
4449,1894,3692
4450,1894,4335
4451,1894,3794
4452,3692,4335
4453,3692,3794
4454,4335,3794
4455,1412,2101
4456,1412,1656
4457,2101,1656
4458,1779,2652
4459,1779,1413
4460,1779,2328
4461,2652,1413
4462,2652,2328
4463,1413,2328
4464,1662,2157
4465,1662,1414
4466,2157,1414
4467,2687,1416
4468,1417,3823
4469,1417,4370
4470,1417,3834
4471,1417,2747
4472,3823,4370
4473,3823,3834
4474,3823,2747
4475,4370,3834
4476,4370,2747
4477,3834,2747
4478,1418,2397
4479,1418,2554
4480,1418,3936
4481,2397,2554
4482,2397,3936
4483,2554,3936
4484,1962,1419
4485,1602,1423
4486,890,1839
4487,890,1906
4488,1839,1906
4489,1425,3591
4490,1426,4775
4491,3810,4194
4492,3810,1750
4493,3810,1430
4494,3810,4663
4495,3810,4825
4496,4194,1750
4497,4194,1430
4498,4194,4663
4499,4194,4825
4500,1750,1430
4501,1750,4663
4502,1750,4825
4503,1430,4663
4504,1430,4825
4505,4663,4825
4506,2601,10
4507,2601,1431
4508,10,1431
4509,4705,2024
4510,4705,4462
4511,4705,3898
4512,4705,1436
4513,2024,4462
4514,2024,3898
4515,2024,1436
4516,4462,3898
4517,4462,1436
4518,3898,1436
4519,2226,4276
4520,2226,1438
4521,2226,4504
4522,4276,1438
4523,4276,4504
4524,1438,4504
4525,4387,2608
4526,4387,1296
4527,2608,1296
4528,4186,3980
4529,4186,3375
4530,4186,1440
4531,3980,3375
4532,3980,1440
4533,3375,1440
4534,1442,1556
4535,3187,912
4536,867,1447
4537,4466,1454
4538,4466,447
4539,1454,447
4540,3883,2813
4541,3883,3341
4542,3883,1455
4543,2813,3341
4544,2813,1455
4545,3341,1455
4546,3947,1460
4547,3947,4863
4548,3947,4472
4549,1460,4863
4550,1460,4472
4551,4863,4472
4552,3958,3565
4553,3958,2886
4554,3958,1464
4555,3565,2886
4556,3565,1464
4557,2886,1464
4558,1466,3445
4559,1466,4126
4560,1466,2143
4561,3445,4126
4562,3445,2143
4563,4126,2143
4564,1474,4675
4565,1474,4650
4566,1474,3028
4567,1474,4924
4568,1474,127
4569,4675,4650
4570,4675,3028
4571,4675,4924
4572,4675,127
4573,4650,3028
4574,4650,4924
4575,4650,127
4576,3028,4924
4577,3028,127
4578,4924,127
4579,3875,1476
4580,3875,942
4581,3875,3368
4582,1476,942
4583,1476,3368
4584,942,3368
4585,3653,1478
4586,3653,4232
4587,3653,1582
4588,3653,1870
4589,3653,4118
4590,1478,4232
4591,1478,1582
4592,1478,1870
4593,1478,4118
4594,4232,1582
4595,4232,1870
4596,4232,4118
4597,1582,1870
4598,1582,4118
4599,1870,4118
4600,1481,4963
4601,1481,1575
4602,1481,1544
4603,4963,1575
4604,4963,1544
4605,1575,1544
4606,1482,2471
4607,2018,1485
4608,1489,4330
4609,1489,3644
4610,1489,2709
4611,4330,3644
4612,4330,2709
4613,3644,2709
4614,3820,3533
4615,3820,1492
4616,3820,2166
4617,3820,4255
4618,3533,1492
4619,3533,2166
4620,3533,4255
4621,1492,2166
4622,1492,4255
4623,2166,4255
4624,2938,3991
4625,2938,4532
4626,2938,1495
4627,3991,4532
4628,3991,1495
4629,4532,1495
4630,348,3430
4631,348,1880
4632,348,1496
4633,3430,1880
4634,3430,1496
4635,1880,1496
4636,1497,1897
4637,4530,4943
4638,4530,1501
4639,4530,4967
4640,4943,1501
4641,4943,4967
4642,1501,4967
4643,2306,3299
4644,2306,1508
4645,2306,4028
4646,2306,2762
4647,2306,1980
4648,3299,1508
4649,3299,4028
4650,3299,2762
4651,3299,1980
4652,1508,4028
4653,1508,2762
4654,1508,1980
4655,4028,2762
4656,4028,1980
4657,2762,1980
4658,1338,3054
4659,3973,1703
4660,3973,3791
4661,3973,1519
4662,3973,4019
4663,1703,3791
4664,1703,1519
4665,1703,4019
4666,3791,1519
4667,3791,4019
4668,1519,4019
4669,1521,4074
4670,1521,2196
4671,4074,2196
4672,4354,1524
4673,4633,2586
4674,4633,1526
4675,4633,4263
4676,2586,1526
4677,2586,4263
4678,1526,4263
4679,2948,3210
4680,2948,1528
4681,2948,2970
4682,2948,3195
4683,3210,1528
4684,3210,2970
4685,3210,3195
4686,1528,2970
4687,1528,3195
4688,2970,3195
4689,1529,1873
4690,1529,4456
4691,1873,4456
4692,1530,4380
4693,3634,1533
4694,1534,2222
4695,3145,1538
4696,1539,3852
4697,4812,1543
4698,4018,1548
4699,4018,2598
4700,4018,200
4701,1548,2598
4702,1548,200
4703,2598,200
4704,3396,2791
4705,3396,583
4706,3396,1549
4707,3396,3511
4708,3396,4797
4709,2791,583
4710,2791,1549
4711,2791,3511
4712,2791,4797
4713,583,1549
4714,583,3511
4715,583,4797
4716,1549,3511
4717,1549,4797
4718,3511,4797
4719,3643,1550
4720,1554,2803
4721,1554,4204
4722,1554,1919
4723,2803,4204
4724,2803,1919
4725,4204,1919
4726,4497,2966
4727,4497,1559
4728,4497,2776
4729,4497,3899
4730,2966,1559
4731,2966,2776
4732,2966,3899
4733,1559,2776
4734,1559,3899
4735,2776,3899
4736,1562,3035
4737,1562,4550
4738,3035,4550
4739,1563,428
4740,1563,3784
4741,1563,1824
4742,428,3784
4743,428,1824
4744,3784,1824
4745,1569,3754
4746,1569,4870
4747,1569,3119
4748,3754,4870
4749,3754,3119
4750,4870,3119
4751,1571,1726
4752,1573,2845
4753,1573,4389
4754,2845,4389
4755,4069,1574
4756,4069,335
4757,4069,1984
4758,1574,335
4759,1574,1984
4760,335,1984
4761,1578,2358
4762,1578,1607
4763,2358,1607
4764,2874,1579
4765,2874,3398
4766,1579,3398
4767,1580,2048
4768,3403,4459
4769,3403,1581
4770,3403,2483
4771,3403,2259
4772,4459,1581
4773,4459,2483
4774,4459,2259
4775,1581,2483
4776,1581,2259
4777,2483,2259
4778,3619,3722
4779,3619,1587
4780,3619,4503
4781,3619,3771
4782,3722,1587
4783,3722,4503
4784,3722,3771
4785,1587,4503
4786,1587,3771
4787,4503,3771
4788,1588,4216
4789,1593,3841
4790,966,3374
4791,966,4302
4792,966,2126
4793,966,3060
4794,3374,4302
4795,3374,2126
4796,3374,3060
4797,4302,2126
4798,4302,3060
4799,2126,3060
4800,2277,3656
4801,2277,3120
4802,2277,1596
4803,2277,224
4804,3656,3120
4805,3656,1596
4806,3656,224
4807,3120,1596
4808,3120,224
4809,1596,224
4810,2772,1599
4811,1603,3237
4812,1603,2951
4813,1603,3496
4814,3237,2951
4815,3237,3496
4816,2951,3496
4817,1604,4392
4818,1604,1952
4819,4392,1952
4820,3541,1606
4821,3541,4373
4822,3541,4616
4823,1606,4373
4824,1606,4616
4825,4373,4616
4826,2721,1608
4827,1610,2213
4828,1610,2605
4829,1610,4584
4830,2213,2605
4831,2213,4584
4832,2605,4584
4833,1611,3564
4834,1611,1766
4835,3564,1766
4836,1963,1612
4837,1963,4847
4838,1963,3252
4839,1963,2174
4840,1963,4191
4841,1612,4847
4842,1612,3252
4843,1612,2174
4844,1612,4191
4845,4847,3252
4846,4847,2174
4847,4847,4191
4848,3252,2174
4849,3252,4191
4850,2174,4191
4851,2714,1421
4852,1618,3042
4853,1618,4608
4854,3042,4608
4855,1881,2307
4856,1881,1620
4857,1881,4877
4858,2307,1620
4859,2307,4877
4860,1620,4877
4861,3529,768
4862,3529,1624
4863,768,1624
4864,3489,1954
4865,3489,4755
4866,3489,3959
4867,3489,3097
4868,3489,1626
4869,1954,4755
4870,1954,3959
4871,1954,3097
4872,1954,1626
4873,4755,3959
4874,4755,3097
4875,4755,1626
4876,3959,3097
4877,3959,1626
4878,3097,1626
4879,4934,3163
4880,4934,4168
4881,4934,2701
4882,4934,1712
4883,4934,1627
4884,3163,4168
4885,3163,2701
4886,3163,1712
4887,3163,1627
4888,4168,2701
4889,4168,1712
4890,4168,1627
4891,2701,1712
4892,2701,1627
4893,1712,1627
4894,1628,2734
4895,1628,3423
4896,2734,3423
4897,2468,3052
4898,2468,1071
4899,2468,2704
4900,2468,1629
4901,2468,4672
4902,3052,1071
4903,3052,2704
4904,3052,1629
4905,3052,4672
4906,1071,2704
4907,1071,1629
4908,1071,4672
4909,2704,1629
4910,2704,4672
4911,1629,4672
4912,2089,2945
4913,2089,1630
4914,2945,1630
4915,4004,4869
4916,4004,3576
4917,4004,4473
4918,4004,3197
4919,4004,1631
4920,4869,3576
4921,4869,4473
4922,4869,3197
4923,4869,1631
4924,3576,4473
4925,3576,3197
4926,3576,1631
4927,4473,3197
4928,4473,1631
4929,3197,1631
4930,3681,2500
4931,3681,1637
4932,3681,1162
4933,3681,4973
4934,3681,3743
4935,2500,1637
4936,2500,1162
4937,2500,4973
4938,2500,3743
4939,1637,1162
4940,1637,4973
4941,1637,3743
4942,1162,4973
4943,1162,3743
4944,4973,3743
4945,4909,1639
4946,1644,4590
4947,1644,4348
4948,4590,4348
4949,2894,1646
4950,2282,1790
4951,2282,1647
4952,2282,3655
4953,1790,1647
4954,1790,3655
4955,1647,3655
4956,1904,1648
4957,1650,3381
4958,1650,4680
4959,3381,4680
4960,4164,1661
4961,709,3349
4962,709,4949
4963,709,3419
4964,709,1663
4965,3349,4949
4966,3349,3419
4967,3349,1663
4968,4949,3419
4969,4949,1663
4970,3419,1663
4971,1665,1730
4972,1665,1902
4973,1730,1902
4974,1666,2957
4975,1666,2616
4976,2957,2616
4977,3857,263
4978,4922,2419
4979,4922,3139
4980,4922,1671
4981,2419,3139
4982,2419,1671
4983,3139,1671
4984,2690,2812
4985,2690,4350
4986,2690,1672
4987,2812,4350
4988,2812,1672
4989,4350,1672
4990,4804,1674
4991,4804,3149
4992,4804,2905
4993,4804,4156
4994,4804,3103
4995,1674,3149
4996,1674,2905
4997,1674,4156
4998,1674,3103
4999,3149,2905
5000,3149,4156
5001,3149,3103
5002,2905,4156
5003,2905,3103
5004,4156,3103
5005,1678,3079
5006,3161,1683
5007,3161,3811
5008,3161,4088
5009,1683,3811
5010,1683,4088
5011,3811,4088
5012,1684,2149
5013,1684,2710
5014,2149,2710
5015,1697,2219
5016,1698,4408
5017,4908,4015
5018,4908,1456
5019,4908,4050
5020,4908,4562
5021,4015,1456
5022,4015,4050
5023,4015,4562
5024,1456,4050
5025,1456,4562
5026,4050,4562
5027,1705,2046
5028,1705,2540
5029,1705,2014
5030,2046,2540
5031,2046,2014
5032,2540,2014
5033,1713,2083
5034,1714,4132
5035,1714,4376
5036,4132,4376
5037,4641,1715
5038,4641,3717
5039,1715,3717
5040,1716,2294
5041,1716,2439
5042,2294,2439
5043,2229,1718
5044,2634,1719
5045,2634,4952
5046,1719,4952
5047,1720,4656
5048,1720,3569
5049,1720,4658
5050,1720,3960
5051,1720,59
5052,4656,3569
5053,4656,4658
5054,4656,3960
5055,4656,59
5056,3569,4658
5057,3569,3960
5058,3569,59
5059,4658,3960
5060,4658,59
5061,3960,59
5062,1725,3389
5063,1725,4144
5064,3389,4144
5065,2269,1727
5066,1729,2800
5067,1729,3505
5068,1729,3739
5069,1729,2238
5070,2800,3505
5071,2800,3739
5072,2800,2238
5073,3505,3739
5074,3505,2238
5075,3739,2238
5076,834,1736
5077,834,3882
5078,834,4564
5079,834,1785
5080,1736,3882
5081,1736,4564
5082,1736,1785
5083,3882,4564
5084,3882,1785
5085,4564,1785
5086,4625,1739
5087,2757,1925
5088,2757,4811
5089,2757,1742
5090,2757,1776
5091,2757,2104
5092,1925,4811
5093,1925,1742
5094,1925,1776
5095,1925,2104
5096,4811,1742
5097,4811,1776
5098,4811,2104
5099,1742,1776
5100,1742,2104
5101,1776,2104
5102,1833,2603
5103,1833,2628
5104,1833,317
5105,2603,2628
5106,2603,317
5107,2628,317
5108,1745,4298
5109,4490,3935
5110,4490,1748
5111,4490,3289
5112,4490,2749
5113,4490,4671
5114,3935,1748
5115,3935,3289
5116,3935,2749
5117,3935,4671
5118,1748,3289
5119,1748,2749
5120,1748,4671
5121,3289,2749
5122,3289,4671
5123,2749,4671
5124,1985,3724
5125,1985,1749
5126,1985,4567
5127,3724,1749
5128,3724,4567
5129,1749,4567
5130,1755,677
5131,1755,2600
5132,1755,3296
5133,677,2600
5134,677,3296
5135,2600,3296
5136,2420,1046
5137,2420,4047
5138,1046,4047
5139,4385,1764
5140,4385,2430
5141,1764,2430
5142,4574,1770
5143,4574,4222
5144,4574,2360
5145,1770,4222
5146,1770,2360
5147,4222,2360
5148,1773,4215
5149,1773,4264
5150,4215,4264
5151,577,4399
5152,577,1783
5153,4399,1783
5154,3881,1789
5155,1799,941
5156,1799,4306
5157,1799,3866
5158,1799,4827
5159,941,4306
5160,941,3866
5161,941,4827
5162,4306,3866
5163,4306,4827
5164,3866,4827
5165,1801,3283
5166,1801,3573
5167,3283,3573
5168,2133,1807
5169,1809,77
5170,1809,3711
5171,77,3711
5172,1810,4605
5173,3170,1811
5174,3170,283
5175,3170,4432
5176,1811,283
5177,1811,4432
5178,283,4432
5179,2215,3146
5180,2215,2443
5181,2215,3562
5182,2215,1812
5183,3146,2443
5184,3146,3562
5185,3146,1812
5186,2443,3562
5187,2443,1812
5188,3562,1812
5189,2564,3590
5190,2564,1095
5191,2564,3540
5192,2564,1814
5193,2564,2653
5194,3590,1095
5195,3590,3540
5196,3590,1814
5197,3590,2653
5198,1095,3540
5199,1095,1814
5200,1095,2653
5201,3540,1814
5202,3540,2653
5203,1814,2653
5204,2339,1820
5205,2339,4023
5206,2339,4776
5207,1820,4023
5208,1820,4776
5209,4023,4776
5210,1874,1822
5211,1825,2539
5212,4166,1835
5213,4166,3021
5214,4166,2290
5215,4166,2707
5216,4166,2298
5217,1835,3021
5218,1835,2290
5219,1835,2707
5220,1835,2298
5221,3021,2290
5222,3021,2707
5223,3021,2298
5224,2290,2707
5225,2290,2298
5226,2707,2298
5227,2899,1613
5228,2899,3431
5229,1613,3431
5230,1837,4910
5231,1837,3872
5232,4910,3872
5233,4477,1838
5234,3046,1846
5235,2782,1847
5236,1850,2013
5237,1850,2462
5238,2013,2462
5239,4066,1860
5240,4066,3114
5241,4066,3888
5242,4066,1722
5243,4066,2816
5244,1860,3114
5245,1860,3888
5246,1860,1722
5247,1860,2816
5248,3114,3888
5249,3114,1722
5250,3114,2816
5251,3888,1722
5252,3888,2816
5253,1722,2816
5254,988,1862
5255,3961,973
5256,1875,2086
5257,2211,1876
5258,4806,1878
5259,1889,2478
5260,1890,3314
5261,4581,1896
5262,4581,4460
5263,4581,4024
5264,4581,3833
5265,4581,603
5266,1896,4460
5267,1896,4024
5268,1896,3833
5269,1896,603
5270,4460,4024
5271,4460,3833
5272,4460,603
5273,4024,3833
5274,4024,603
5275,3833,603
5276,2826,4876
5277,2826,1903
5278,2826,4688
5279,2826,1910
5280,2826,3543
5281,4876,1903
5282,4876,4688
5283,4876,1910
5284,4876,3543
5285,1903,4688
5286,1903,1910
5287,1903,3543
5288,4688,1910
5289,4688,3543
5290,1910,3543
5291,3457,3583
5292,3457,1907
5293,3457,2643
5294,3457,4218
5295,3457,4095
5296,3583,1907
5297,3583,2643
5298,3583,4218
5299,3583,4095
5300,1907,2643
5301,1907,4218
5302,1907,4095
5303,2643,4218
5304,2643,4095
5305,4218,4095
5306,2986,2260
5307,2986,2453
5308,2986,1909
5309,2986,2431
5310,2260,2453
5311,2260,1909
5312,2260,2431
5313,2453,1909
5314,2453,2431
5315,1909,2431
5316,3740,1911
5317,1913,4404
5318,1913,2736
5319,4404,2736
5320,2151,4331
5321,2151,3765
5322,2151,567
5323,2151,1915
5324,2151,2367
5325,4331,3765
5326,4331,567
5327,4331,1915
5328,4331,2367
5329,3765,567
5330,3765,1915
5331,3765,2367
5332,567,1915
5333,567,2367
5334,1915,2367
5335,1921,3238
5336,1921,4694
5337,1921,2301
5338,1921,2079
5339,3238,4694
5340,3238,2301
5341,3238,2079
5342,4694,2301
5343,4694,2079
5344,2301,2079
5345,1930,2242
5346,1930,2518
5347,1930,2759
5348,2242,2518
5349,2242,2759
5350,2518,2759
5351,1931,4727
5352,1933,3878
5353,1933,2303
5354,3878,2303
5355,4505,1939
5356,4505,4709
5357,1939,4709
5358,3964,3850
5359,3964,1940
5360,3964,2750
5361,3850,1940
5362,3850,2750
5363,1940,2750
5364,4122,1947
5365,1948,2255
5366,1948,4576
5367,2255,4576
5368,1949,4653
5369,3714,1957
5370,3714,3948
5371,3714,4941
5372,3714,2039
5373,3714,4185
5374,1957,3948
5375,1957,4941
5376,1957,2039
5377,1957,4185
5378,3948,4941
5379,3948,2039
5380,3948,4185
5381,4941,2039
5382,4941,4185
5383,2039,4185
5384,1689,2594
5385,1689,3900
5386,1689,2934
5387,2594,3900
5388,2594,2934
5389,3900,2934
5390,713,1959
5391,713,4624
5392,1959,4624
5393,1967,3128
5394,3821,644
5395,3821,3468
5396,3821,1968
5397,644,3468
5398,644,1968
5399,3468,1968
5400,4418,1687
5401,2618,2172
5402,2618,749
5403,2172,749
5404,1977,3031
5405,2928,2356
5406,2928,2486
5407,2928,2135
5408,2928,3992
5409,2928,1981
5410,2356,2486
5411,2356,2135
5412,2356,3992
5413,2356,1981
5414,2486,2135
5415,2486,3992
5416,2486,1981
5417,2135,3992
5418,2135,1981
5419,3992,1981
5420,537,2977
5421,1994,4830
5422,1994,4375
5423,1994,968
5424,4830,4375
5425,4830,968
5426,4375,968
5427,2243,1999
5428,2001,4299
5429,2001,2553
5430,2001,4559
5431,4299,2553
5432,4299,4559
5433,2553,4559
5434,3848,3401
5435,3848,4528
5436,3848,3218
5437,3848,2004
5438,3848,3449
5439,3401,4528
5440,3401,3218
5441,3401,2004
5442,3401,3449
5443,4528,3218
5444,4528,2004
5445,4528,3449
5446,3218,2004
5447,3218,3449
5448,2004,3449
5449,2005,3752
5450,3786,2956
5451,3786,3188
5452,3786,2009
5453,3786,4890
5454,3786,4187
5455,2956,3188
5456,2956,2009
5457,2956,4890
5458,2956,4187
5459,3188,2009
5460,3188,4890
5461,3188,4187
5462,2009,4890
5463,2009,4187
5464,4890,4187
5465,4860,2016
5466,2017,4349
5467,2019,3365
5468,2019,2463
5469,3365,2463
5470,2861,2022
5471,4801,987
5472,2713,4547
5473,2713,2028
5474,2713,3550
5475,4547,2028
5476,4547,3550
5477,2028,3550
5478,2950,3978
5479,2950,2040
5480,2950,3613
5481,2950,3679
5482,3978,2040
5483,3978,3613
5484,3978,3679
5485,2040,3613
5486,2040,3679
5487,3613,3679
5488,4666,516
5489,4666,4268
5490,516,4268
5491,2245,4134
5492,2245,2042
5493,2245,3612
5494,2245,2109
5495,4134,2042
5496,4134,3612
5497,4134,2109
5498,2042,3612
5499,2042,2109
5500,3612,2109
5501,1733,3975
5502,2051,2758
5503,2051,2087
5504,2051,1864
5505,2051,2833
5506,2051,4474
5507,2758,2087
5508,2758,1864
5509,2758,2833
5510,2758,4474
5511,2087,1864
5512,2087,2833
5513,2087,4474
5514,1864,2833
5515,1864,4474
5516,2833,4474
5517,2053,3664
5518,3002,2059
5519,3433,2060
5520,4099,2061
5521,4099,3444
5522,4099,4212
5523,4099,4345
5524,2061,3444
5525,2061,4212
5526,2061,4345
5527,3444,4212
5528,3444,4345
5529,4212,4345
5530,2062,3688
5531,2066,2651
5532,2066,4684
5533,2066,3147
5534,2651,4684
5535,2651,3147
5536,4684,3147
5537,1070,4157
5538,1070,2070
5539,1070,3143
5540,4157,2070
5541,4157,3143
5542,2070,3143
5543,2073,4105
5544,2073,4515
5545,4105,4515
5546,707,2077
5547,2154,1802
5548,2154,2847
5549,2154,2080
5550,1802,2847
5551,1802,2080
5552,2847,2080
5553,2084,3304
5554,3636,2544
5555,3636,2088
5556,2544,2088
5557,2090,1158
5558,2091,2943
5559,4746,2096
5560,4746,2706
5561,4746,4691
5562,4746,4635
5563,2096,2706
5564,2096,4691
5565,2096,4635
5566,2706,4691
5567,2706,4635
5568,4691,4635
5569,2097,2754
5570,2097,3227
5571,2097,3093
5572,2754,3227
5573,2754,3093
5574,3227,3093
5575,682,3600
5576,682,2918
5577,682,2744
5578,3600,2918
5579,3600,2744
5580,2918,2744
5581,2617,2116
5582,4612,3485
5583,4612,2119
5584,3485,2119
5585,3277,2127
5586,2129,3068
5587,2129,4422
5588,3068,4422
5589,2131,2324
5590,2131,4805
5591,2324,4805
5592,2532,2134
5593,3267,2140
5594,3267,4517
5595,2140,4517
5596,4741,4979
5597,4741,4525
5598,4741,2142
5599,4979,4525
5600,4979,2142
5601,4525,2142
5602,2148,1893
5603,2155,2343
5604,4261,3081
5605,4261,2187
5606,4261,2159
5607,4261,3474
5608,3081,2187
5609,3081,2159
5610,3081,3474
5611,2187,2159
5612,2187,3474
5613,2159,3474
5614,2161,2426
5615,2161,4996
5616,2161,2400
5617,2426,4996
5618,2426,2400
5619,4996,2400
5620,2163,4278
5621,2163,2448
5622,4278,2448
5623,4521,4783
5624,4521,2165
5625,4521,4751
5626,4783,2165
5627,4783,4751
5628,2165,4751
5629,2170,3522
5630,2170,3063
5631,3522,3063
5632,2171,4743
5633,3092,3266
5634,3092,2748
5635,3092,2176
5636,3266,2748
5637,3266,2176
5638,2748,2176
5639,3025,2180
5640,3025,4782
5641,2180,4782
5642,2185,1123
5643,2185,2409
5644,2185,3024
5645,1123,2409
5646,1123,3024
5647,2409,3024
5648,2873,3229
5649,2873,2191
5650,3229,2191
5651,2193,4059
5652,2193,2611
5653,4059,2611
5654,2297,2345
5655,2297,2204
5656,2297,4516
5657,2345,2204
5658,2345,4516
5659,2204,4516
5660,4289,2208
5661,402,4259
5662,2756,3560
5663,2756,2216
5664,2756,2738
5665,2756,2421
5666,2756,4725
5667,3560,2216
5668,3560,2738
5669,3560,2421
5670,3560,4725
5671,2216,2738
5672,2216,2421
5673,2216,4725
5674,2738,2421
5675,2738,4725
5676,2421,4725
5677,3777,3355
5678,3777,2221
5679,3355,2221
5680,3858,3491
5681,3858,2228
5682,3858,3758
5683,3491,2228
5684,3491,3758
5685,2228,3758
5686,2851,4549
5687,2851,510
5688,4549,510
5689,4425,4878
5690,4425,2230
5691,4425,2457
5692,4425,4030
5693,4878,2230
5694,4878,2457
5695,4878,4030
5696,2230,2457
5697,2230,4030
5698,2457,4030
5699,2236,2383
5700,2469,4614
5701,2469,3029
5702,2469,4314
5703,2469,2239
5704,4614,3029
5705,4614,4314
5706,4614,2239
5707,3029,4314
5708,3029,2239
5709,4314,2239
5710,3669,2519
5711,3669,2248
5712,2519,2248
5713,3099,2252
5714,4195,2253
5715,4042,2964
5716,4042,2261
5717,4042,4270
5718,2964,2261
5719,2964,4270
5720,2261,4270
5721,2263,4248
5722,2266,3220
5723,2266,3661
5724,3220,3661
5725,456,3150
5726,456,3632
5727,456,2994
5728,456,3578
5729,456,2268
5730,3150,3632
5731,3150,2994
5732,3150,3578
5733,3150,2268
5734,3632,2994
5735,3632,3578
5736,3632,2268
5737,2994,3578
5738,2994,2268
5739,3578,2268
5740,241,4689
5741,241,4241
5742,241,2583
5743,241,2271
5744,4689,4241
5745,4689,2583
5746,4689,2271
5747,4241,2583
5748,4241,2271
5749,2583,2271
5750,2274,2837
5751,2274,4543
5752,2837,4543
5753,4097,2276
5754,4097,3044
5755,4097,2418
5756,4097,3452
5757,2276,3044
5758,2276,2418
5759,2276,3452
5760,3044,2418
5761,3044,3452
5762,2418,3452
5763,4642,2978
5764,4642,2278
5765,4642,3176
5766,4642,3379
5767,2978,2278
5768,2978,3176
5769,2978,3379
5770,2278,3176
5771,2278,3379
5772,3176,3379
5773,4944,2280
5774,2283,4686
5775,2283,2640
5776,2283,3090
5777,2283,3415
5778,4686,2640
5779,4686,3090
5780,4686,3415
5781,2640,3090
5782,2640,3415
5783,3090,3415
5784,3581,4731
5785,3581,2285
5786,3581,3400
5787,4731,2285
5788,4731,3400
5789,2285,3400
5790,4565,2286
5791,1619,4221
5792,1619,4654
5793,1619,2295
5794,4221,4654
5795,4221,2295
5796,4654,2295
5797,3971,2300
5798,3971,3614
5799,2300,3614
5800,2698,4678
5801,2698,2310
5802,4678,2310
5803,4419,2312
5804,2314,3803
5805,2377,3490
5806,2377,4916
5807,2377,2317
5808,3490,4916
5809,3490,2317
5810,4916,2317
5811,2321,2557
5812,2321,2751
5813,2557,2751
5814,3749,3380
5815,3749,2550
5816,3749,3737
5817,3749,2333
5818,3749,3934
5819,3380,2550
5820,3380,3737
5821,3380,2333
5822,3380,3934
5823,2550,3737
5824,2550,2333
5825,2550,3934
5826,3737,2333
5827,3737,3934
5828,2333,3934
5829,2969,2347
5830,2348,3189
5831,3205,2351
5832,3962,1673
5833,3962,3501
5834,3962,2354
5835,3962,4538
5836,1673,3501
5837,1673,2354
5838,1673,4538
5839,3501,2354
5840,3501,4538
5841,2354,4538
5842,2362,2403
5843,2362,3432
5844,2403,3432
5845,4475,2366
5846,4690,2370
5847,4690,3126
5848,2370,3126
5849,2941,2382
5850,3911,4685
5851,3911,2385
5852,3911,1011
5853,3911,3293
5854,4685,2385
5855,4685,1011
5856,4685,3293
5857,2385,1011
5858,2385,3293
5859,1011,3293
5860,4706,3334
5861,4706,2392
5862,3334,2392
5863,4899,2399
5864,2407,3064
5865,2410,4613
5866,3523,3558
5867,3523,4587
5868,3523,2414
5869,3523,4211
5870,3523,3744
5871,3558,4587
5872,3558,2414
5873,3558,4211
5874,3558,3744
5875,4587,2414
5876,4587,4211
5877,4587,3744
5878,2414,4211
5879,2414,3744
5880,4211,3744
5881,4201,3186
5882,4201,2423
5883,3186,2423
5884,2987,2424
5885,2425,4862
5886,2427,2824
5887,2438,4631
5888,2449,4841
5889,2450,1203
5890,2450,4124
5891,1203,4124
5892,2451,2599
5893,4964,3116
5894,4964,4407
5895,4964,2455
5896,4964,3838
5897,4964,4319
5898,3116,4407
5899,3116,2455
5900,3116,3838
5901,3116,4319
5902,4407,2455
5903,4407,3838
5904,4407,4319
5905,2455,3838
5906,2455,4319
5907,3838,4319
5908,2458,4544
5909,2460,4623
5910,2461,2645
5911,2237,2470
5912,2237,3893
5913,2470,3893
5914,2473,3148
5915,2473,4752
5916,3148,4752
5917,3102,4415
5918,3102,2480
5919,4415,2480
5920,2485,2512
5921,2955,2492
5922,2955,3735
5923,2492,3735
5924,2493,3464
5925,3058,4845
5926,3058,2496
5927,4845,2496
5928,3361,2503
5929,3361,4205
5930,3361,3503
5931,3361,3922
5932,3361,4983
5933,2503,4205
5934,2503,3503
5935,2503,3922
5936,2503,4983
5937,4205,3503
5938,4205,3922
5939,4205,4983
5940,3503,3922
5941,3503,4983
5942,3922,4983
5943,2506,55
5944,2507,3662
5945,3212,2509
5946,3212,4992
5947,2509,4992
5948,2516,1253
5949,4594,2526
5950,3165,2527
5951,2538,4883
5952,2566,3144
5953,3434,2742
5954,3434,2576
5955,2742,2576
5956,2579,517
5957,2585,273
5958,2585,3271
5959,273,3271
5960,2587,4295
5961,3428,2590
5962,2597,4512
5963,2597,3338
5964,2597,3949
5965,2597,2582
5966,2597,4160
5967,4512,3338
5968,4512,3949
5969,4512,2582
5970,4512,4160
5971,3338,3949
5972,3338,2582
5973,3338,4160
5974,3949,2582
5975,3949,4160
5976,2582,4160
5977,4662,2614
5978,4523,2615
5979,4523,4603
5980,2615,4603
5981,219,2621
5982,2626,4061
5983,2626,3014
5984,4061,3014
5985,3915,2631
5986,2633,3352
5987,3462,3695
5988,3462,2639
5989,3462,3986
5990,3462,4246
5991,3695,2639
5992,3695,3986
5993,3695,4246
5994,2639,3986
5995,2639,4246
5996,3986,4246
5997,2641,3074
5998,2641,4337
5999,2641,4327
6000,3074,4337
6001,3074,4327
6002,4337,4327
6003,2650,4932
6004,4898,2655
6005,2664,3370
6006,2664,3985
6007,2664,4756
6008,2664,3768
6009,2664,3517
6010,3370,3985
6011,3370,4756
6012,3370,3768
6013,3370,3517
6014,3985,4756
6015,3985,3768
6016,3985,3517
6017,4756,3768
6018,4756,3517
6019,3768,3517
6020,2666,4020
6021,3011,4388
6022,3011,2679
6023,3011,4083
6024,4388,2679
6025,4388,4083
6026,2679,4083
6027,2684,4580
6028,3479,2688
6029,2691,3814
6030,955,2696
6031,2914,1339
6032,2914,4799
6033,2914,2703
6034,1339,4799
6035,1339,2703
6036,4799,2703
6037,2705,3676
6038,3241,3635
6039,3241,3854
6040,3241,39
6041,3635,3854
6042,3635,39
6043,3854,39
6044,4489,2708
6045,4489,4501
6046,4489,4790
6047,2708,4501
6048,2708,4790
6049,4501,4790
6050,3764,2717
6051,3764,4588
6052,2717,4588
6053,4931,532
6054,4341,2725
6055,4341,4414
6056,2725,4414
6057,2916,2726
6058,2730,4038
6059,1829,3022
6060,1829,4384
6061,3022,4384
6062,2731,3859
6063,2868,2733
6064,2868,3502
6065,2733,3502
6066,3746,4043
6067,3746,3694
6068,3746,2737
6069,3746,3124
6070,4043,3694
6071,4043,2737
6072,4043,3124
6073,3694,2737
6074,3694,3124
6075,2737,3124
6076,4939,2764
6077,4939,3373
6078,4939,4582
6079,2764,3373
6080,2764,4582
6081,3373,4582
6082,4325,4872
6083,4325,3913
6084,4325,2778
6085,4325,2908
6086,4872,3913
6087,4872,2778
6088,4872,2908
6089,3913,2778
6090,3913,2908
6091,2778,2908
6092,4757,2783
6093,2740,2784
6094,4763,2788
6095,4763,3308
6096,2788,3308
6097,3805,2792
6098,3404,2798
6099,4703,2807
6100,3549,2823
6101,2827,2887
6102,4196,2846
6103,2850,2456
6104,3339,4395
6105,3339,3094
6106,3339,2856
6107,4395,3094
6108,4395,2856
6109,3094,2856
6110,2364,2863
6111,2881,113
6112,2881,3598
6113,2881,3117
6114,113,3598
6115,113,3117
6116,3598,3117
6117,2900,1397
6118,1914,3944
6119,1914,2904
6120,3944,2904
6121,2913,2150
6122,2913,3340
6123,2913,4794
6124,2913,3136
6125,2150,3340
6126,2150,4794
6127,2150,3136
6128,3340,4794
6129,3340,3136
6130,4794,3136
6131,4548,2926
6132,4962,296
6133,4290,3244
6134,4290,2949
6135,3244,2949
6136,4843,1205
6137,3813,3269
6138,3813,2961
6139,3813,3327
6140,3813,4063
6141,3269,2961
6142,3269,3327
6143,3269,4063
6144,2961,3327
6145,2961,4063
6146,3327,4063
6147,3122,2963
6148,1314,3530
6149,1314,4816
6150,1314,3868
6151,1314,2973
6152,3530,4816
6153,3530,3868
6154,3530,2973
6155,4816,3868
6156,4816,2973
6157,3868,2973
6158,2974,4535
6159,2981,3047
6160,2981,4081
6161,2981,3954
6162,2981,3378
6163,2981,4338
6164,3047,4081
6165,3047,3954
6166,3047,3378
6167,3047,4338
6168,4081,3954
6169,4081,3378
6170,4081,4338
6171,3954,3378
6172,3954,4338
6173,3378,4338
6174,4545,2988
6175,4545,2990
6176,4545,3647
6177,2988,2990
6178,2988,3647
6179,2990,3647
6180,3572,3822
6181,3572,2991
6182,3822,2991
6183,3892,3004
6184,1035,4142
6185,1035,3008
6186,4142,3008
6187,4754,3083
6188,4754,3012
6189,3083,3012
6190,3027,3933
6191,3027,3135
6192,3027,3855
6193,3933,3135
6194,3933,3855
6195,3135,3855
6196,4366,3030
6197,3756,3032
6198,3036,3061
6199,3075,3477
6200,3075,3039
6201,3477,3039
6202,4283,3040
6203,3041,1701
6204,3353,3050
6205,3353,3278
6206,3050,3278
6207,3057,4722
6208,3057,4781
6209,4722,4781
6210,4994,1099
6211,4994,3072
6212,1099,3072
6213,3233,3082
6214,4482,4770
6215,4482,3084
6216,4482,4753
6217,4482,4410
6218,4482,3999
6219,4770,3084
6220,4770,4753
6221,4770,4410
6222,4770,3999
6223,3084,4753
6224,3084,4410
6225,3084,3999
6226,4753,4410
6227,4753,3999
6228,4410,3999
6229,3151,3087
6230,3151,4820
6231,3151,3897
6232,3151,4159
6233,3087,4820
6234,3087,3897
6235,3087,4159
6236,4820,3897
6237,4820,4159
6238,3897,4159
6239,4923,3924
6240,4923,3095
6241,4923,4904
6242,3924,3095
6243,3924,4904
6244,3095,4904
6245,3123,3596
6246,3123,4739
6247,3596,4739
6248,4648,3507
6249,4648,3134
6250,4648,3125
6251,4648,4702
6252,3507,3134
6253,3507,3125
6254,3507,4702
6255,3134,3125
6256,3134,4702
6257,3125,4702
6258,3153,3467
6259,3153,3536
6260,3467,3536
6261,3167,1808
6262,3169,4771
6263,3169,3201
6264,4771,3201
6265,3559,3183
6266,3257,3204
6267,3545,4213
6268,3545,3214
6269,4213,3214
6270,4810,3236
6271,4880,3256
6272,4257,3263
6273,3969,3303
6274,3307,3708
6275,4626,4787
6276,4626,3310
6277,4787,3310
6278,4316,3311
6279,3410,3315
6280,3410,3587
6281,3315,3587
6282,3332,4093
6283,3346,4271
6284,4390,4021
6285,4390,3974
6286,4390,3359
6287,4021,3974
6288,4021,3359
6289,3974,3359
6290,3402,4372
6291,3513,3406
6292,3513,4192
6293,3406,4192
6294,4129,3408
6295,4321,3421
6296,4219,3447
6297,4969,4606
6298,4969,3463
6299,4606,3463
6300,3500,4343
6301,3563,4303
6302,3563,3504
6303,4303,3504
6304,3515,4645
6305,3515,4975
6306,4645,4975
6307,3524,4822
6308,3532,3615
6309,3689,4646
6310,3689,3534
6311,4646,3534
6312,3601,4972
6313,4117,3622
6314,3626,4991
6315,3682,4652
6316,3682,4742
6317,4652,4742
6318,3691,4792
6319,3693,4958
6320,4225,3698
6321,4628,3715
6322,4628,3804
6323,4628,4935
6324,3715,3804
6325,3715,4935
6326,3804,4935
6327,4778,3723
6328,4778,3851
6329,3723,3851
6330,3950,3734
6331,4077,3750
6332,3762,4141
6333,4844,3773
6334,4844,3574
6335,3773,3574
6336,3788,3831
6337,3990,3807
6338,3827,3981
6339,3842,4502
6340,4676,3846
6341,3847,4760
6342,3874,4947
6343,3874,4970
6344,4947,4970
6345,4279,3912
6346,3917,4398
6347,4273,3925
6348,3938,4214
6349,3938,4711
6350,3938,4815
6351,4214,4711
6352,4214,4815
6353,4711,4815
6354,4394,3956
6355,4394,4351
6356,4394,4120
6357,3956,4351
6358,3956,4120
6359,4351,4120
6360,4391,4032
6361,4329,3285
6362,4329,4048
6363,3285,4048
6364,4049,4429
6365,4307,4051
6366,4307,4260
6367,4307,4651
6368,4051,4260
6369,4051,4651
6370,4260,4651
6371,4151,4055
6372,4829,4070
6373,4094,4520
6374,4411,4110
6375,4681,4123
6376,4681,4423
6377,4123,4423
6378,4137,4148
6379,4139,4951
6380,4154,4200
6381,1284,4245
6382,4913,4427
6383,4913,4253
6384,4427,4253
6385,4552,445
6386,4552,4256
6387,445,4256
6388,4317,4304
6389,3190,4326
6390,4533,4336
6391,4346,4358
6392,4379,4359
6393,4468,2589
6394,4593,4914
6395,4777,4733
6396,4929,4784
6397,4802,4895
6398,4826,4966
6399,4919,4984
